Workbook

Sheet CONSTANTS
A1: HẠN TRỜI · BALANCE — CONSTANTS
A2: Nguồn: Hạn Trời GDD v1.0 (10/09/2026, Finalized). MỌI ô nền vàng chữ xanh là NÚM VẶN — chỉ sửa ở đây. CALC / MATRIX / ECONOMY / MONITOR toàn bộ là công thức.
A4: A · NÚM CHUNG (quyết định thiết kế)
A5: Núm | B5: Giá trị | C5: Đơn vị
A6: Tỷ lệ hoàn khi bán trụ | B6: 0.7 | C6: phần
A7: Sàn cửa spawn khi window = 0 | B7: 3 | C7: giây
A8: Ngưỡng bước dốc biên tha thứ | B8: 0.1 | C8: điểm %
A9: Biên tha thứ mục tiêu màn cuối | B9: 0.075 | C9: phần
A10: Trần số trụ mỗi màn (0 = không cap) | B10: 0 | C10: trụ
A11: Damage phải là ước của | B11: 10 | C11: —
A12: Hệ số chủ lực trong ma trận | B12: 1.3 | C12: lần
A13: Gà gáy mỗi quãng đường | B13: 9.5 | C13: mét
A14: Gà · thời gian cast | B14: 0.8 | C14: giây
A15: Gà · buff tốc (nhân) | B15: 1.5 | C15: lần
A16: Gà · stack sau cộng thêm | B16: 0.375 | C16: lần
A17: CC immunity cooldown mỗi enemy | B17: 1 | C17: giây
... A19: Uptime buff Gà · có Nước slow | B19: 0.34 | C19: phần
A21: B · TOWER CATALOG
A22: GDD 4.1a và 4.1b ghi INTERVAL KHÁC NHAU ở Generator và Tỏa Hồn. Cả hai cột đều có ở đây; cột ĐANG DÙNG là 4.1b (khớp luật 3.2 #3 và edge case 2.22 viên/s). MONITOR bắt xung đột này.
A23: Stable Id | B23: Hành · tên vật | C23: Input | D23: Output | E23: Cap | F23: Backpressure | G23: Interval ĐANG DÙNG (4.1a) | H23: Interval đối chiếu (4.1b) | I23: Build Cost | J23: Instances/Level | K23: Sellable | L23: Amount (dmg) | M23: Burn Dmg/Tick | N23: Burn Tick Int | O23: Burn Duration | P23: Vai trò
A24: Generator | B24: KIM · Chuông Đồng | C24: 0 | D24: 1 | E24: 0 | F24: 0 | G24: 0.65 | H24: 1 | I24: 220 | J24: 0 | K24: 1 | L24: 5 | M24: 0 | N24: 0 | O24: 0 | P24: SOURCE
A25: Fire | B25: HỎA · Đình Hương | C25: 1 | D25: 1 | E25: 3 | F25: 1 | G25: 0.85 | H25: 0.85 | I25: 200 | J25: 0 | K25: 1 | L25: 10 | M25: 2 | N25: 0.5 | O25: 2 | P25: NGUYÊN TỐ
A26: Water | B26: THỦY · Giếng Ngọc | C26: 1 | D26: 1 | E26: 3 | F26: 1 | G26: 0.85 | H26: 0.85 | I26: 200 | J26: 0 | K26: 1 | L26: 0 | M26: 0 | N26: 0 | O26: 0 | P26: NGUYÊN TỐ / công cụ
A27: Wind | B27: PHONG · Túc Phong | C27: 1 | D27: 1 | E27: 5 | F27: 1 | G27: 0.65 | H27: 0.65 | I27: 200 | J27: 0 | K27: 1 | L27: 5 | M27: 0 | N27: 0 | O27: 0 | P27: NGUYÊN TỐ / ống
A28: Hero | B28: Cua (Hero) | C28: 0 | D28: 1 | E28: 0 | F28: 0 | G28: 2 | H28: 2 | I28: 300 | J28: 1 | K28: 1 | L28: 20 | M28: 0 | N28: 0 | O28: 0 | P28: STUN + damage riêng
A29: SoulNexus | B29: Tỏa Hồn | C29: 2 | D29: 0 | E29: 4 | F29: 1 | G29: 0.45 | H29: 0.45 | I29: 0 | J29: 1 | K29: 0 | L29: 0 | M29: 0 | N29: 0 | O29: 0 | P29: ENDPOINT
A31: C · NÂNG CẤP
A32: Tier 1–2 là GDD 4.2 FINAL. Tier 3 là PROPOSAL (cột NHÃN nói rõ). Nguyên tắc T3: KHÔNG tăng damage mỗi phát (HP quái cố định, HTK là thứ người chơi đọc) — tăng SỐ MỤC TIÊU và ĐỘ MẠNH của hiệu ứng.
A33: Hành | B33: Tier | C33: Cost | D33: Damage Multiplier | E33: Push Distance (m) | F33: Slow Strength | G33: Slow Duration (s) | H33: Burn Dmg/Tick | I33: Burn Tick Int | J33: Burn Duration (s) | K33: Mở ở màn | L33: Hiệu ứng thêm (không phải stat) | M33: Nhãn
A34: HỎA | B34: 1 | C34: 280 | D34: 1.35 | E34: 0 | F34: 0 | G34: 0 | H34: 2 | I34: 0.5 | J34: 2 | K34: 1 | L34: — | M34: GDD 4.2 FINAL
A35: HỎA | B35: 2 | C35: 420 | D35: 1.7 | E35: 0 | F35: 0 | G35: 0 | H35: 4 | I35: 0.5 | J35: 3 | K35: 2 | L35: — | M35: GDD 4.2 FINAL
A36: HỎA | B36: 3 | C36: 560 | D36: 1.7 | E36: 0 | F36: 0 | G36: 0 | H36: 4 | I36: 0.5 | J36: 3 | K36: 5 | L36: HỎA TỬ LIÊN XẠ — burn LAN sang 1 địch gần nhất chưa cháy khi mục tiêu chết vì burn. Damage/phát GIỮ NGUYÊN 41. | M36: PROPOSAL
A37: THỦY | B37: 1 | C37: 280 | D37: 1 | E37: 0 | F37: 0.304 | G37: 3 | H37: 0 | I37: 0 | J37: 0 | K37: 1 | L37: — | M37: GDD 4.2 FINAL
A38: THỦY | B38: 2 | C38: 420 | D38: 1 | E38: 0 | F38: 0.304 | G38: 4 | H38: 0 | I38: 0 | J38: 0 | K38: 2 | L38: — | M38: GDD 4.2 FINAL
A39: THỦY | B39: 3 | C39: 490 | D39: 1 | E39: 0 | F39: 0.45 | G39: 4 | H39: 0 | I39: 0 | J39: 0 | K39: 6 | L39: SA PHẤT — lần đầu tăng SLOW STRENGTH 0.304 → 0.45. Damage toàn mạng +44 % → +82 % qua phơi nhiễm. | M39: PROPOSAL
A40: PHONG | B40: 1 | C40: 280 | D40: 1.2 | E40: 0.6 | F40: 0 | G40: 0 | H40: 0 | I40: 0 | J40: 0 | K40: 3 | L40: — | M40: GDD 4.2 FINAL
A41: PHONG | B41: 2 | C41: 350 | D41: 1.3 | E41: 0.7 | F41: 0 | G41: 0 | H41: 0 | I41: 0 | J41: 0 | K41: 3 | L41: — | M41: GDD 4.2 FINAL
A42: PHONG | B42: 3 | C42: 420 | D42: 1.3 | E42: 0.8 | F42: 0 | G42: 0 | H42: 0 | I42: 0 | J42: 0 | K42: 7 | L42: NGHỊCH PHONG — push 0.7 → 0.8 m, VÀ đẩy lùi HẠ ĐƯỢC mốc high-water-mark của Gà (luật 3.2 #9). Damage GIỮ NGUYÊN 6.5. | M42: PROPOSAL
A44: C2 · HIỆU ỨNG NỀN
A45: Hiệu ứng | B45: Giá trị | C45: Đơn vị | D45: Luật / ghi chú
A46: Slow Strength nền (THỦY) | B46: 0.304 | C46: phần | D46: 4.1a · mạnh thay yếu, bằng nhau refresh
A47: Slow Duration nền | B47: 2 | C47: giây | D47: 4.1a
A48: Push Distance nền (PHONG) | B48: 0.5 | C48: mét | D48: 4.1a
A49: Tàng hình · cổng | B49: 1 | C49: nhị phân | D49: 3.2 luật 8 — chỉ THỦY mở
A50: Kháng phép · cổng | B50: 1 | C50: nhị phân | D50: 3.2 luật 8 — cần Sốc Nhiệt (HỎA + THỦY)
A51: Boss · miễn nhiễm khi đứng | B51: 1 | C51: nhị phân | D51: 5.3 — chỉ ăn damage khi bắt đầu đi
A52: Boss · leak | B52: 0 | C52: máu | D52: 5.3 — KHÔNG ĐI, KHÔNG LEAK
A54: D · ENEMY CATALOG (GDD 5.1)
A55: HP · tốc · vàng lấy từ GDD 5.1. HIT RADIUS lấy từ tool (GDD không in cột này) — đây là chỉ số quyết định phơi nhiễm.
A56: Enemy Id | B56: Tên trong tutorial | C56: HP | D56: Move Speed | E56: Hit Radius (tool) | F56: Cổng miễn nhiễm | G56: Gold On Death | H56: Soul | I56: Leak Damage
A57: Basic | B57: Thường | C57: 20 | D57: 2 | E57: 1.0877 | F57: — | G57: 10 | H57: 1 | I57: 1
A58: Armored | B58: Trâu / Khiên | C58: 30 | D58: 1.7 | E58: 0.7954 | F58: — | G58: 18 | H58: 1 | I58: 1
A59: MagicResistant | B59: Kháng phép | C59: 30 | D59: 1.8 | E59: 0.371 | F59: Sốc Nhiệt | G59: 30 | H59: 1 | I59: 1
A60: Stealth | B60: Tàng hình | C60: 20 | D60: 2 | E60: 0.6651 | F60: Trụ Nước | G60: 15 | H60: 1 | I60: 1
A61: SpeedSupport | B61: Gà | C61: 10 | D61: 1.9 | E61: 0.85 | F61: — | G61: 14 | H61: 1 | I61: 1
A62: MiniBoss | B62: Mini Boss | C62: 160 | D62: 1.2 | E62: 0.5508 | F62: — | G62: 60 | H62: 2 | I62: 1
A63: SummonerBoss | B63: Boss | C63: 600 | D63: 0.8 | E63: 1.172 | F63: Đứng = miễn nhiễm | G63: 180 | H63: 3 | I63: 0
A65: E · PHẢN ỨNG NGUYÊN TỐ
A66: Phản ứng | B66: Công thức | C66: Tác dụng | D66: Damage | E66: Radius (m) | F66: Dmg/Tick | G66: Tick Int | H66: Duration (s) | I66: Mở ở màn
A67: Sốc Nhiệt | B67: HỎA + THỦY | C67: phá Khiên — mở cổng Kháng phép | D67: 12 | E67: 2 | F67: 0 | G67: 0 | H67: 0 | I67: 2
A68: Lan Lửa | B68: HỎA + PHONG | C68: đốt lan theo vùng | D68: 0 | E68: 4.45 | F68: 1 | G68: 0.5 | H68: 2 | I68: 3
A69: Hất Tung | B69: THỦY + PHONG | C69: hất 2.5 s, NGẮT lần gáy đang cast | D69: 0 | E69: 0 | F69: 0 | G69: 0 | H69: 2.5 | I69: 3
A71: F · MÀN (GDD 7.1)
A72: Start gold 440 PHẲNG. RESET = 1: hết màn xoá hết trụ và nâng cấp (3.4).
A73: # | B73: Tên màn | C73: Máu căn cứ | D73: Starting Gold | E73: Số wave | F73: Breather? | G73: Reset hết màn? | H73: Win rate mục tiêu
A74: 1 | B74: Đồng Nứt | C74: 20 | D74: 440 | E74: 8 | F74: 0 | G74: 1 | H74: 1
A75: 2 | B75: Bãi Cát Bỏng | C75: 20 | D75: 440 | E75: 8 | F75: 0 | G75: 1 | H75: 1
A76: 3 | B76: Đá Đỏ | C76: 15 | D76: 440 | E76: 10 | F76: 0 | G76: 1 | H76: 0.9
A77: 4 | B77: Suối Cạn | C77: 15 | D77: 440 | E77: 10 | F77: 0 | G77: 1 | H77: 0.85
A78: 5 | B78: Đồi Trọc | C78: 10 | D78: 440 | E78: 10 | F78: 0 | G78: 1 | H78: 0.75
A79: 6 | B79: Rừng Tre Khô | C79: 10 | D79: 440 | E79: 10 | F79: 0 | G79: 1 | H79: 0.7
A80: 7 | B80: Vách Đá Vàng | C80: 10 | D80: 440 | E80: 10 | F80: 0 | G80: 1 | H80: 0.65
A81: 8 | B81: Vực Gió | C81: 10 | D81: 440 | E81: 10 | F81: 0 | G81: 1 | H81: 0.55
A82: 9 | B82: Động Khảm | C82: 10 | D82: 440 | E82: 7 | F82: 1 | G82: 1 | H82: 0.8
A83: 10 | B83: Rừng Cấm | C83: 10 | D83: 440 | E83: 10 | F83: 0 | G83: 1 | H83: 0.4
A85: G · THỨ TỰ MỞ KHOÁ (GDD 7.3)
A86: Mở cái gì | B86: Ở wave / màn
A87: Nối dây (core loop) | B87: M1 · W1
A88: Trụ Lửa | B88: M1 · W3
A89: Trụ Nước + cổng Tàng hình | B89: M1 · W4
A90: Trần thông lượng | B90: M1 · W6
A91: Nâng cấp Tier 1 | B91: M2 · W1
A92: Sốc Nhiệt + cổng Khiên | B92: M2 · W4
A93: Hai cổng cùng lúc | B93: M2 · W6
A94: Trụ Gió | B94: M3 · W2
A95: Lan Lửa | B95: M3 · W3
A96: Hất Tung + con Gà | B96: M3 · W4
A97: Nâng cấp Tier 2 | B97: M3 · W7
... A100: Boss | B100: Màn 10
A102: H · WAVE DATA
A103: 1 dòng = 1 batch. Wave đánh số TỪ 1. Cột I–M là cột tính.
A104: Màn | B104: Wave | C104: Clear gold | D104: Enemy Id | E104: Số lượng | F104: Start (s) | G104: Window (s) | H104: Spawn idx | I104: Khoá | J104: Gold batch | K104: HP batch | L104: Độ dai batch | M104: Hết lúc (s)
A105: 1 | B105: 1 | C105: 0 | D105: Basic | E105: 4 | F105: 0 | G105: 3 | H105: 0 | I105: =A105&"-"&B105 -> 1-1 | J105: =E105*INDEX($G$57:$G$63,MATCH(D105,$A$57:$A$63,0)) -> 40 | K105: =E105*INDEX($C$57:$C$63,MATCH(D105,$A$57:$A$63,0)) -> 80 | L105: =E105*INDEX($C$57:$C$63,MATCH(D105,$A$57:$A$63,0))/(INDEX($E$57:$E$63,MATCH(D105,$A$57:$A$63,0))/INDEX($D$57:$D$63,MATCH(D105,$A$57:$A$63,0))) -> 147.1 | M105: =F105+G105 -> 3
A106: 1 | B106: 2 | C106: 0 | D106: Basic | E106: 4 | F106: 0 | G106: 3 | H106: 0 | I106: =A106&"-"&B106 -> 1-2 | J106: =E106*INDEX($G$57:$G$63,MATCH(D106,$A$57:$A$63,0)) -> 40 | K106: =E106*INDEX($C$57:$C$63,MATCH(D106,$A$57:$A$63,0)) -> 80 | L106: =E106*INDEX($C$57:$C$63,MATCH(D106,$A$57:$A$63,0))/(INDEX($E$57:$E$63,MATCH(D106,$A$57:$A$63,0))/INDEX($D$57:$D$63,MATCH(D106,$A$57:$A$63,0))) -> 147.1 | M106: =F106+G106 -> 3
A107: 1 | B107: 2 | C107: 0 | D107: Armored | E107: 1 | F107: 3 | G107: 2 | H107: 0 | I107: =A107&"-"&B107 -> 1-2 | J107: =E107*INDEX($G$57:$G$63,MATCH(D107,$A$57:$A$63,0)) -> 18 | K107: =E107*INDEX($C$57:$C$63,MATCH(D107,$A$57:$A$63,0)) -> 30 | L107: =E107*INDEX($C$57:$C$63,MATCH(D107,$A$57:$A$63,0))/(INDEX($E$57:$E$63,MATCH(D107,$A$57:$A$63,0))/INDEX($D$57:$D$63,MATCH(D107,$A$57:$A$63,0))) -> 64.1 | M107: =F107+G107 -> 5
A108: 1 | B108: 3 | C108: 100 | D108: Armored | E108: 2 | F108: 3 | G108: 2 | H108: 0 | I108: =A108&"-"&B108 -> 1-3 | J108: =E108*INDEX($G$57:$G$63,MATCH(D108,$A$57:$A$63,0)) -> 36 | K108: =E108*INDEX($C$57:$C$63,MATCH(D108,$A$57:$A$63,0)) -> 60 | L108: =E108*INDEX($C$57:$C$63,MATCH(D108,$A$57:$A$63,0))/(INDEX($E$57:$E$63,MATCH(D108,$A$57:$A$63,0))/INDEX($D$57:$D$63,MATCH(D108,$A$57:$A$63,0))) -> 128.2 | M108: =F108+G108 -> 5
A109: 1 | B109: 3 | C109: 100 | D109: Basic | E109: 3 | F109: 0 | G109: 2 | H109: 0 | I109: =A109&"-"&B109 -> 1-3 | J109: =E109*INDEX($G$57:$G$63,MATCH(D109,$A$57:$A$63,0)) -> 30 | K109: =E109*INDEX($C$57:$C$63,MATCH(D109,$A$57:$A$63,0)) -> 60 | L109: =E109*INDEX($C$57:$C$63,MATCH(D109,$A$57:$A$63,0))/(INDEX($E$57:$E$63,MATCH(D109,$A$57:$A$63,0))/INDEX($D$57:$D$63,MATCH(D109,$A$57:$A$63,0))) -> 110.3 | M109: =F109+G109 -> 2
A110: 1 | B110: 4 | C110: 100 | D110: Basic | E110: 4 | F110: 0 | G110: 3 | H110: 0 | I110: =A110&"-"&B110 -> 1-4 | J110: =E110*INDEX($G$57:$G$63,MATCH(D110,$A$57:$A$63,0)) -> 40 | K110: =E110*INDEX($C$57:$C$63,MATCH(D110,$A$57:$A$63,0)) -> 80 | L110: =E110*INDEX($C$57:$C$63,MATCH(D110,$A$57:$A$63,0))/(INDEX($E$57:$E$63,MATCH(D110,$A$57:$A$63,0))/INDEX($D$57:$D$63,MATCH(D110,$A$57:$A$63,0))) -> 147.1 | M110: =F110+G110 -> 3
A111: 1 | B111: 4 | C111: 100 | D111: Stealth | E111: 2 | F111: 3 | G111: 2 | H111: 0 | I111: =A111&"-"&B111 -> 1-4 | J111: =E111*INDEX($G$57:$G$63,MATCH(D111,$A$57:$A$63,0)) -> 30 | K111: =E111*INDEX($C$57:$C$63,MATCH(D111,$A$57:$A$63,0)) -> 40 | L111: =E111*INDEX($C$57:$C$63,MATCH(D111,$A$57:$A$63,0))/(INDEX($E$57:$E$63,MATCH(D111,$A$57:$A$63,0))/INDEX($D$57:$D$63,MATCH(D111,$A$57:$A$63,0))) -> 120.3 | M111: =F111+G111 -> 5
A112: 1 | B112: 5 | C112: 0 | D112: Stealth | E112: 2 | F112: 3 | G112: 2 | H112: 0 | I112: =A112&"-"&B112 -> 1-5 | J112: =E112*INDEX($G$57:$G$63,MATCH(D112,$A$57:$A$63,0)) -> 30 | K112: =E112*INDEX($C$57:$C$63,MATCH(D112,$A$57:$A$63,0)) -> 40 | L112: =E112*INDEX($C$57:$C$63,MATCH(D112,$A$57:$A$63,0))/(INDEX($E$57:$E$63,MATCH(D112,$A$57:$A$63,0))/INDEX($D$57:$D$63,MATCH(D112,$A$57:$A$63,0))) -> 120.3 | M112: =F112+G112 -> 5
...

Sheet CALC
A1: CALC — chỉ công thức. Không có số nào gõ tay.
A2: Khối R (nền xanh lá) là tham số kéo về từ CONSTANTS để đọc nhanh. Mọi khối dưới đọc từ CONSTANTS hoặc từ khối R.
A4: R · KHỐI REFERENCE (kéo từ CONSTANTS)
A5: Tham số | B5: Giá trị
A6: Nhịp nguồn KIM (viên/s) | B6: =1/CONSTANTS!$G$24 -> 1.538
A7: Nhịp nguồn theo 4.1b (viên/s) | B7: =1/CONSTANTS!$H$24 -> 1.000
A8: Trần Tỏa Hồn (viên/s) | B8: =1/CONSTANTS!$G$29 -> 2.222
A9: Nhịp HỎA (viên/s) | B9: =1/CONSTANTS!$G$25 -> 1.176
A10: Nhịp THỦY (viên/s) | B10: =1/CONSTANTS!$G$26 -> 1.176
A11: Nhịp PHONG (viên/s) | B11: =1/CONSTANTS!$G$27 -> 1.538
A12: Nhịp Hero (viên/s) | B12: =1/CONSTANTS!$G$28 -> 0.500
A13: Tỷ lệ hoàn khi bán | B13: =CONSTANTS!$B$6 -> 70%
A14: Sàn cửa spawn (s) | B14: =CONSTANTS!$B$7 -> 3
A15: Ngưỡng bước dốc | B15: =CONSTANTS!$B$8 -> 10.0%
A16: Hệ số chủ lực | B16: =CONSTANTS!$B$12 -> 1.30
A17: CHAIN TỐI THIỂU (KIM + 1 hành) | B17: =CONSTANTS!$I$24+MIN(CONSTANTS!$I$25,CONSTANTS!$I$26,CONSTANTS!$I$27) -> 420
A18: BUILD ĐỦ (5 trụ mua bằng vàng) | B18: =SUM(CONSTANTS!$I$24:$I$29) -> 1,120
A19: NÂNG CẤP ĐỦ | B19: =SUM(CONSTANTS!$C$34:$C$42) -> 3,500
A20: MỐC MUA HẾT | B20: =B18+B19 -> 4,620
A22: 1 · TRỤ — damage mỗi phát và DPS
A23: Burn tổng = Dmg/Tick × (Duration ÷ Tick Interval). Chain rate = nhịp của mắt CHẬM NHẤT (luật 3.2 #3), tức MIN(nhịp nguồn, nhịp trụ cuối).
A24: Trụ | B24: Amount | C24: Burn tổng/phát | D24: Damage/phát | E24: Viên/s tự thân | F24: DPS tự thân | G24: Chain rate khi là mắt cuối | H24: CHAIN DPS | I24: % nhịp so với nguồn | J24: Cap | K24: Backpressure
A25: =CONSTANTS!$B$24 -> KIM · Chuông Đồng | B25: =CONSTANTS!$L$24 -> 5.0 | C25: =IF(CONSTANTS!$N$24=0,0,CONSTANTS!$M$24*(CONSTANTS!$O$24/CONSTANTS!$N$24)) -> 0.0 | D25: =B25+C25 -> 5.0 | E25: =1/CONSTANTS!$G$24 -> 1.538 | F25: =D25*E25 -> 7.7 | G25: =E25 -> 1.538 | H25: =D25*G25 -> 7.7 | I25: =G25/$B$6 -> 100.0% | J25: =CONSTANTS!$E$24 -> 0 | K25: =IF(CONSTANTS!$F$24=1,"CÓ","KHÔNG") -> KHÔNG
A26: =CONSTANTS!$B$25 -> HỎA · Đình Hương | B26: =CONSTANTS!$L$25 -> 10.0 | C26: =IF(CONSTANTS!$N$25=0,0,CONSTANTS!$M$25*(CONSTANTS!$O$25/CONSTANTS!$N$25)) -> 8.0 | D26: =B26+C26 -> 18.0 | E26: =1/CONSTANTS!$G$25 -> 1.176 | F26: =D26*E26 -> 21.2 | G26: =MIN($B$6,E26) -> 1.176 | H26: =D26*G26 -> 21.2 | I26: =G26/$B$6 -> 76.5% | J26: =CONSTANTS!$E$25 -> 3 | K26: =IF(CONSTANTS!$F$25=1,"CÓ","KHÔNG") -> CÓ
A27: =CONSTANTS!$B$26 -> THỦY · Giếng Ngọc | B27: =CONSTANTS!$L$26 -> 0.0 | C27: =IF(CONSTANTS!$N$26=0,0,CONSTANTS!$M$26*(CONSTANTS!$O$26/CONSTANTS!$N$26)) -> 0.0 | D27: =B27+C27 -> 0.0 | E27: =1/CONSTANTS!$G$26 -> 1.176 | F27: =D27*E27 -> 0.0 | G27: =MIN($B$6,E27) -> 1.176 | H27: =D27*G27 -> 0.0 | I27: =G27/$B$6 -> 76.5% | J27: =CONSTANTS!$E$26 -> 3 | K27: =IF(CONSTANTS!$F$26=1,"CÓ","KHÔNG") -> CÓ
A28: =CONSTANTS!$B$27 -> PHONG · Túc Phong | B28: =CONSTANTS!$L$27 -> 5.0 | C28: =IF(CONSTANTS!$N$27=0,0,CONSTANTS!$M$27*(CONSTANTS!$O$27/CONSTANTS!$N$27)) -> 0.0 | D28: =B28+C28 -> 5.0 | E28: =1/CONSTANTS!$G$27 -> 1.538 | F28: =D28*E28 -> 7.7 | G28: =MIN($B$6,E28) -> 1.538 | H28: =D28*G28 -> 7.7 | I28: =G28/$B$6 -> 100.0% | J28: =CONSTANTS!$E$27 -> 5 | K28: =IF(CONSTANTS!$F$27=1,"CÓ","KHÔNG") -> CÓ
A29: =CONSTANTS!$B$28 -> Cua (Hero) | B29: =CONSTANTS!$L$28 -> 20.0 | C29: =IF(CONSTANTS!$N$28=0,0,CONSTANTS!$M$28*(CONSTANTS!$O$28/CONSTANTS!$N$28)) -> 0.0 | D29: =B29+C29 -> 20.0 | E29: =1/CONSTANTS!$G$28 -> 0.500 | F29: =D29*E29 -> 10.0 | G29: =E29 -> 0.500 | H29: =D29*G29 -> 10.0 | I29: =G29/$B$6 -> 32.5% | J29: =CONSTANTS!$E$28 -> 0 | K29: =IF(CONSTANTS!$F$28=1,"CÓ","KHÔNG") -> KHÔNG
A30: =CONSTANTS!$B$29 -> Tỏa Hồn | B30: =CONSTANTS!$L$29 -> 0.0 | C30: =IF(CONSTANTS!$N$29=0,0,CONSTANTS!$M$29*(CONSTANTS!$O$29/CONSTANTS!$N$29)) -> 0.0 | D30: =B30+C30 -> 0.0 | E30: =1/CONSTANTS!$G$29 -> 2.222 | F30: =D30*E30 -> 0.0 | G30: =MIN($B$6,E30) -> 1.538 | H30: =D30*G30 -> 0.0 | I30: =G30/$B$6 -> 100.0% | J30: =CONSTANTS!$E$29 -> 4 | K30: =IF(CONSTANTS!$F$29=1,"CÓ","KHÔNG") -> CÓ
A31: Hai chain HỎA cùng đổ vào Tỏa Hồn | B31: =2*$G$26 -> 2.353 | C31: viên/s | D31: =B31-$B$8 -> 0.131 | E31: =IF(D31>0,"VƯỢT TRẦN → nghẹn","còn chỗ") -> VƯỢT TRẦN → nghẹn
A33: 2 · QUÁI — phơi nhiễm, độ dai thật, số phát để chết
A34: PHƠI NHIỄM = Hit Radius ÷ Move Speed. ĐỘ DAI THẬT = HP ÷ phơi nhiễm. Đây là chỉ số dai đúng của game, không phải HP (GDD 7.4).
A35: Quái | B35: HP | C35: Tốc | D35: Bán kính | E35: Phơi nhiễm | F35: Độ dai thật | G35: Dai so với Thường | H35: HTK vs KIM (5) | I35: HTK vs HỎA (10) | J35: HTK vs HỎA+burn | K35: Giây để chết bằng chain HỎA | L35: Vàng | M35: Vàng / điểm dai | N35: Cổng miễn nhiễm
A36: =CONSTANTS!$B$57 -> Thường | B36: =CONSTANTS!$C$57 -> 20 | C36: =CONSTANTS!$D$57 -> 2.00 | D36: =CONSTANTS!$E$57 -> 1.0877 | E36: =D36/C36 -> 0.5439 | F36: =B36/E36 -> 36.8 | G36: =F36/$F$36 -> 1.00× | H36: =ROUNDUP(B36/$D$25,0) -> 4 | I36: =ROUNDUP(B36/CONSTANTS!$L$25,0) -> 2 | J36: =ROUNDUP(B36/$D$26,0) -> 2 | K36: =J36/$G$26 -> 1.7 | L36: =CONSTANTS!$G$57 -> 10 | M36: =L36/F36 -> 0.272 | N36: =CONSTANTS!$F$57 -> —
A37: =CONSTANTS!$B$58 -> Trâu / Khiên | B37: =CONSTANTS!$C$58 -> 30 | C37: =CONSTANTS!$D$58 -> 1.70 | D37: =CONSTANTS!$E$58 -> 0.7954 | E37: =D37/C37 -> 0.4679 | F37: =B37/E37 -> 64.1 | G37: =F37/$F$36 -> 1.74× | H37: =ROUNDUP(B37/$D$25,0) -> 6 | I37: =ROUNDUP(B37/CONSTANTS!$L$25,0) -> 3 | J37: =ROUNDUP(B37/$D$26,0) -> 2 | K37: =J37/$G$26 -> 1.7 | L37: =CONSTANTS!$G$58 -> 18 | M37: =L37/F37 -> 0.281 | N37: =CONSTANTS!$F$58 -> —
A38: =CONSTANTS!$B$59 -> Kháng phép | B38: =CONSTANTS!$C$59 -> 30 | C38: =CONSTANTS!$D$59 -> 1.80 | D38: =CONSTANTS!$E$59 -> 0.3710 | E38: =D38/C38 -> 0.2061 | F38: =B38/E38 -> 145.6 | G38: =F38/$F$36 -> 3.96× | H38: =ROUNDUP(B38/$D$25,0) -> 6 | I38: =ROUNDUP(B38/CONSTANTS!$L$25,0) -> 3 | J38: =ROUNDUP(B38/$D$26,0) -> 2 | K38: =J38/$G$26 -> 1.7 | L38: =CONSTANTS!$G$59 -> 30 | M38: =L38/F38 -> 0.206 | N38: =CONSTANTS!$F$59 -> Sốc Nhiệt
A39: =CONSTANTS!$B$60 -> Tàng hình | B39: =CONSTANTS!$C$60 -> 20 | C39: =CONSTANTS!$D$60 -> 2.00 | D39: =CONSTANTS!$E$60 -> 0.6651 | E39: =D39/C39 -> 0.3326 | F39: =B39/E39 -> 60.1 | G39: =F39/$F$36 -> 1.64× | H39: =ROUNDUP(B39/$D$25,0) -> 4 | I39: =ROUNDUP(B39/CONSTANTS!$L$25,0) -> 2 | J39: =ROUNDUP(B39/$D$26,0) -> 2 | K39: =J39/$G$26 -> 1.7 | L39: =CONSTANTS!$G$60 -> 15 | M39: =L39/F39 -> 0.249 | N39: =CONSTANTS!$F$60 -> Trụ Nước
A40: =CONSTANTS!$B$61 -> Gà | B40: =CONSTANTS!$C$61 -> 10 | C40: =CONSTANTS!$D$61 -> 1.90 | D40: =CONSTANTS!$E$61 -> 0.8500 | E40: =D40/C40 -> 0.4474 | F40: =B40/E40 -> 22.4 | G40: =F40/$F$36 -> 0.61× | H40: =ROUNDUP(B40/$D$25,0) -> 2 | I40: =ROUNDUP(B40/CONSTANTS!$L$25,0) -> 1 | J40: =ROUNDUP(B40/$D$26,0) -> 1 | K40: =J40/$G$26 -> 0.9 | L40: =CONSTANTS!$G$61 -> 14 | M40: =L40/F40 -> 0.626 | N40: =CONSTANTS!$F$61 -> —
A41: =CONSTANTS!$B$62 -> Mini Boss | B41: =CONSTANTS!$C$62 -> 160 | C41: =CONSTANTS!$D$62 -> 1.20 | D41: =CONSTANTS!$E$62 -> 0.5508 | E41: =D41/C41 -> 0.4590 | F41: =B41/E41 -> 348.6 | G41: =F41/$F$36 -> 9.48× | H41: =ROUNDUP(B41/$D$25,0) -> 32 | I41: =ROUNDUP(B41/CONSTANTS!$L$25,0) -> 16 | J41: =ROUNDUP(B41/$D$26,0) -> 9 | K41: =J41/$G$26 -> 7.7 | L41: =CONSTANTS!$G$62 -> 60 | M41: =L41/F41 -> 0.172 | N41: =CONSTANTS!$F$62 -> —
A42: =CONSTANTS!$B$63 -> Boss | B42: =CONSTANTS!$C$63 -> 600 | C42: =CONSTANTS!$D$63 -> 0.80 | D42: =CONSTANTS!$E$63 -> 1.1720 | E42: =D42/C42 -> 1.4650 | F42: =B42/E42 -> 409.6 | G42: =F42/$F$36 -> 11.14× | H42: =ROUNDUP(B42/$D$25,0) -> 120 | I42: =ROUNDUP(B42/CONSTANTS!$L$25,0) -> 60 | J42: =ROUNDUP(B42/$D$26,0) -> 34 | K42: =J42/$G$26 -> 28.9 | L42: =CONSTANTS!$G$63 -> 180 | M42: =L42/F42 -> 0.440 | N42: =CONSTANTS!$F$63 -> Đứng = miễn nhiễm
A44: Dải vàng/điểm dai của nhóm quái THƯỜNG (4 loại) | B44: =MIN($M$36,$M$37,$M$38,$M$39) -> 0.206 | C44: → | D44: =MAX($M$36,$M$37,$M$38,$M$39) -> 0.281
A46: 2b · THỦY — hệ số nhân damage toàn mạng
A47: THỦY có 0 damage nên giá trị của nó đo bằng PHƠI NHIỄM: slow làm quái đi chậm → nằm trên đoạn dây lâu hơn → ăn nhiều phát hơn TỪ MỌI TRỤ. Phơi nhiễm hiệu dụng = 1 ÷ (1 − slow strength).
A48: Bậc THỦY | B48: Cost cộng dồn | C48: Slow Strength | D48: Slow Duration (s) | E48: Phơi nhiễm × | F48: Damage toàn mạng | G48: Tăng thêm so với bậc trước
A49: Chưa nâng cấp | B49: =0 -> 0 | C49: =CONSTANTS!$B$46 -> 0.304 | D49: =CONSTANTS!$B$47 -> 2.0 | E49: =1/(1-C49) -> 1.437 | F49: =E49-1 -> 43.7% | G49: —
A50: Tier 1 | B50: =SUMIFS(CONSTANTS!$C$34:$C$42,CONSTANTS!$A$34:$A$42,"THỦY",CONSTANTS!$B$34:$B$42,"<="&1) -> 280 | C50: =SUMIFS(CONSTANTS!$F$34:$F$42,CONSTANTS!$A$34:$A$42,"THỦY",CONSTANTS!$B$34:$B$42,1) -> 0.304 | D50: =SUMIFS(CONSTANTS!$G$34:$G$42,CONSTANTS!$A$34:$A$42,"THỦY",CONSTANTS!$B$34:$B$42,1) -> 3.0 | E50: =1/(1-C50) -> 1.437 | F50: =E50-1 -> 43.7% | G50: =F50-F49 -> 0.0%
A51: Tier 2 | B51: =SUMIFS(CONSTANTS!$C$34:$C$42,CONSTANTS!$A$34:$A$42,"THỦY",CONSTANTS!$B$34:$B$42,"<="&2) -> 700 | C51: =SUMIFS(CONSTANTS!$F$34:$F$42,CONSTANTS!$A$34:$A$42,"THỦY",CONSTANTS!$B$34:$B$42,2) -> 0.304 | D51: =SUMIFS(CONSTANTS!$G$34:$G$42,CONSTANTS!$A$34:$A$42,"THỦY",CONSTANTS!$B$34:$B$42,2) -> 4.0 | E51: =1/(1-C51) -> 1.437 | F51: =E51-1 -> 43.7% | G51: =F51-F50 -> 0.0%
A52: Tier 3 (PROPOSAL) | B52: =SUMIFS(CONSTANTS!$C$34:$C$42,CONSTANTS!$A$34:$A$42,"THỦY",CONSTANTS!$B$34:$B$42,"<="&3) -> 1,190 | C52: =SUMIFS(CONSTANTS!$F$34:$F$42,CONSTANTS!$A$34:$A$42,"THỦY",CONSTANTS!$B$34:$B$42,3) -> 0.450 | D52: =SUMIFS(CONSTANTS!$G$34:$G$42,CONSTANTS!$A$34:$A$42,"THỦY",CONSTANTS!$B$34:$B$42,3) -> 4.0 | E52: =1/(1-C52) -> 1.818 | F52: =E52-1 -> 81.8% | G52: =F52-F51 -> 38.1%
A54: 3 · WAVE — beat chart
A55: BEAT = tổng độ dai của wave, chuẩn hoá 0–100 (wave nặng nhất = 100). ÁP LỰC = tổng độ dai ÷ cửa hiệu dụng.
A56: Màn | B56: Tên màn | C56: Wave | D56: Wave # toàn game | E56: Khoá | F56: Số địch | G56: Tổng HP | H56: Tổng độ dai | I56: Cửa spawn (s) | J56: Cửa hiệu dụng | K56: ÁP LỰC | L56: BEAT (0–100) | M56: Số loại quái | N56: Clear gold | O56: Kill gold
A57: 1 | B57: Đồng Nứt | C57: 1 | D57: 1 | E57: =A57&"-"&C57 -> 1-1 | F57: =SUMIFS(CONSTANTS!$E$105:$E$323,CONSTANTS!$I$105:$I$323,$E57) -> 4 | G57: =SUMIFS(CONSTANTS!$K$105:$K$323,CONSTANTS!$I$105:$I$323,$E57) -> 80 | H57: =SUMIFS(CONSTANTS!$L$105:$L$323,CONSTANTS!$I$105:$I$323,$E57) -> 147 | I57: =MAXIFS(CONSTANTS!$M$105:$M$323,CONSTANTS!$I$105:$I$323,$E57) -> 3 | J57: =MAX(I57,$B$14) -> 3 | K57: =H57/J57 -> 49.0 | L57: =H57/MAX($H$57:$H$149)*100 -> 9.1 | M57: {=SUMPRODUCT((COUNTIFS(CONSTANTS!$I$105:$I$323,$E57,CONSTANTS!$D$105:$D$323,CONSTANTS!$A$57:$A$63)>0)*1)} -> 1 | N57: =MAXIFS(CONSTANTS!$C$105:$C$323,CONSTANTS!$I$105:$I$323,$E57) -> 0 | O57: =SUMIFS(CONSTANTS!$J$105:$J$323,CONSTANTS!$I$105:$I$323,$E57) -> 40
A58: 1 | B58: Đồng Nứt | C58: 2 | D58: 2 | E58: =A58&"-"&C58 -> 1-2 | F58: =SUMIFS(CONSTANTS!$E$105:$E$323,CONSTANTS!$I$105:$I$323,$E58) -> 5 | G58: =SUMIFS(CONSTANTS!$K$105:$K$323,CONSTANTS!$I$105:$I$323,$E58) -> 110 | H58: =SUMIFS(CONSTANTS!$L$105:$L$323,CONSTANTS!$I$105:$I$323,$E58) -> 211 | I58: =MAXIFS(CONSTANTS!$M$105:$M$323,CONSTANTS!$I$105:$I$323,$E58) -> 5 | J58: =MAX(I58,$B$14) -> 5 | K58: =H58/J58 -> 42.2 | L58: =H58/MAX($H$57:$H$149)*100 -> 13.0 | M58: {=SUMPRODUCT((COUNTIFS(CONSTANTS!$I$105:$I$323,$E58,CONSTANTS!$D$105:$D$323,CONSTANTS!$A$57:$A$63)>0)*1)} -> 2 | N58: =MAXIFS(CONSTANTS!$C$105:$C$323,CONSTANTS!$I$105:$I$323,$E58) -> 0 | O58: =SUMIFS(CONSTANTS!$J$105:$J$323,CONSTANTS!$I$105:$I$323,$E58) -> 58
A59: 1 | B59: Đồng Nứt | C59: 3 | D59: 3 | E59: =A59&"-"&C59 -> 1-3 | F59: =SUMIFS(CONSTANTS!$E$105:$E$323,CONSTANTS!$I$105:$I$323,$E59) -> 5 | G59: =SUMIFS(CONSTANTS!$K$105:$K$323,CONSTANTS!$I$105:$I$323,$E59) -> 120 | H59: =SUMIFS(CONSTANTS!$L$105:$L$323,CONSTANTS!$I$105:$I$323,$E59) -> 239 | I59: =MAXIFS(CONSTANTS!$M$105:$M$323,CONSTANTS!$I$105:$I$323,$E59) -> 5 | J59: =MAX(I59,$B$14) -> 5 | K59: =H59/J59 -> 47.7 | L59: =H59/MAX($H$57:$H$149)*100 -> 14.7 | M59: {=SUMPRODUCT((COUNTIFS(CONSTANTS!$I$105:$I$323,$E59,CONSTANTS!$D$105:$D$323,CONSTANTS!$A$57:$A$63)>0)*1)} -> 2 | N59: =MAXIFS(CONSTANTS!$C$105:$C$323,CONSTANTS!$I$105:$I$323,$E59) -> 100 | O59: =SUMIFS(CONSTANTS!$J$105:$J$323,CONSTANTS!$I$105:$I$323,$E59) -> 66
A60: 1 | B60: Đồng Nứt | C60: 4 | D60: 4 | E60: =A60&"-"&C60 -> 1-4 | F60: =SUMIFS(CONSTANTS!$E$105:$E$323,CONSTANTS!$I$105:$I$323,$E60) -> 6 | G60: =SUMIFS(CONSTANTS!$K$105:$K$323,CONSTANTS!$I$105:$I$323,$E60) -> 120 | H60: =SUMIFS(CONSTANTS!$L$105:$L$323,CONSTANTS!$I$105:$I$323,$E60) -> 267 | I60: =MAXIFS(CONSTANTS!$M$105:$M$323,CONSTANTS!$I$105:$I$323,$E60) -> 5 | J60: =MAX(I60,$B$14) -> 5 | K60: =H60/J60 -> 53.5 | L60: =H60/MAX($H$57:$H$149)*100 -> 16.5 | M60: {=SUMPRODUCT((COUNTIFS(CONSTANTS!$I$105:$I$323,$E60,CONSTANTS!$D$105:$D$323,CONSTANTS!$A$57:$A$63)>0)*1)} -> 2 | N60: =MAXIFS(CONSTANTS!$C$105:$C$323,CONSTANTS!$I$105:$I$323,$E60) -> 100 | O60: =SUMIFS(CONSTANTS!$J$105:$J$323,CONSTANTS!$I$105:$I$323,$E60) -> 70
A61: 1 | B61: Đồng Nứt | C61: 5 | D61: 5 | E61: =A61&"-"&C61 -> 1-5 | F61: =SUMIFS(CONSTANTS!$E$105:$E$323,CONSTANTS!$I$105:$I$323,$E61) -> 7 | G61: =SUMIFS(CONSTANTS!$K$105:$K$323,CONSTANTS!$I$105:$I$323,$E61) -> 140 | H61: =SUMIFS(CONSTANTS!$L$105:$L$323,CONSTANTS!$I$105:$I$323,$E61) -> 304 | I61: =MAXIFS(CONSTANTS!$M$105:$M$323,CONSTANTS!$I$105:$I$323,$E61) -> 5 | J61: =MAX(I61,$B$14) -> 5 | K61: =H61/J61 -> 60.8 | L61: =H61/MAX($H$57:$H$149)*100 -> 18.7 | M61: {=SUMPRODUCT((COUNTIFS(CONSTANTS!$I$105:$I$323,$E61,CONSTANTS!$D$105:$D$323,CONSTANTS!$A$57:$A$63)>0)*1)} -> 2 | N61: =MAXIFS(CONSTANTS!$C$105:$C$323,CONSTANTS!$I$105:$I$323,$E61) -> 0 | O61: =SUMIFS(CONSTANTS!$J$105:$J$323,CONSTANTS!$I$105:$I$323,$E61) -> 80
A62: 1 | B62: Đồng Nứt | C62: 6 | D62: 6 | E62: =A62&"-"&C62 -> 1-6 | F62: =SUMIFS(CONSTANTS!$E$105:$E$323,CONSTANTS!$I$105:$I$323,$E62) -> 8 | G62: =SUMIFS(CONSTANTS!$K$105:$K$323,CONSTANTS!$I$105:$I$323,$E62) -> 180 | H62: =SUMIFS(CONSTANTS!$L$105:$L$323,CONSTANTS!$I$105:$I$323,$E62) -> 396 | I62: =MAXIFS(CONSTANTS!$M$105:$M$323,CONSTANTS!$I$105:$I$323,$E62) -> 8 | J62: =MAX(I62,$B$14) -> 8 | K62: =H62/J62 -> 49.5 | L62: =H62/MAX($H$57:$H$149)*100 -> 24.4 | M62: {=SUMPRODUCT((COUNTIFS(CONSTANTS!$I$105:$I$323,$E62,CONSTANTS!$D$105:$D$323,CONSTANTS!$A$57:$A$63)>0)*1)} -> 3 | N62: =MAXIFS(CONSTANTS!$C$105:$C$323,CONSTANTS!$I$105:$I$323,$E62) -> 100 | O62: =SUMIFS(CONSTANTS!$J$105:$J$323,CONSTANTS!$I$105:$I$323,$E62) -> 106
A63: 1 | B63: Đồng Nứt | C63: 7 | D63: 7 | E63: =A63&"-"&C63 -> 1-7 | F63: =SUMIFS(CONSTANTS!$E$105:$E$323,CONSTANTS!$I$105:$I$323,$E63) -> 9 | G63: =SUMIFS(CONSTANTS!$K$105:$K$323,CONSTANTS!$I$105:$I$323,$E63) -> 220 | H63: =SUMIFS(CONSTANTS!$L$105:$L$323,CONSTANTS!$I$105:$I$323,$E63) -> 510 | I63: =MAXIFS(CONSTANTS!$M$105:$M$323,CONSTANTS!$I$105:$I$323,$E63) -> 8 | J63: =MAX(I63,$B$14) -> 8 | K63: =H63/J63 -> 63.8 | L63: =H63/MAX($H$57:$H$149)*100 -> 31.5 | M63: {=SUMPRODUCT((COUNTIFS(CONSTANTS!$I$105:$I$323,$E63,CONSTANTS!$D$105:$D$323,CONSTANTS!$A$57:$A$63)>0)*1)} -> 3 | N63: =MAXIFS(CONSTANTS!$C$105:$C$323,CONSTANTS!$I$105:$I$323,$E63) -> 200 | O63: =SUMIFS(CONSTANTS!$J$105:$J$323,CONSTANTS!$I$105:$I$323,$E63) -> 137
A64: 1 | B64: Đồng Nứt | C64: 8 | D64: 8 | E64: =A64&"-"&C64 -> 1-8 | F64: =SUMIFS(CONSTANTS!$E$105:$E$323,CONSTANTS!$I$105:$I$323,$E64) -> 10 | G64: =SUMIFS(CONSTANTS!$K$105:$K$323,CONSTANTS!$I$105:$I$323,$E64) -> 230 | H64: =SUMIFS(CONSTANTS!$L$105:$L$323,CONSTANTS!$I$105:$I$323,$E64) -> 543 | I64: =MAXIFS(CONSTANTS!$M$105:$M$323,CONSTANTS!$I$105:$I$323,$E64) -> 9 | J64: =MAX(I64,$B$14) -> 9 | K64: =H64/J64 -> 60.4 | L64: =H64/MAX($H$57:$H$149)*100 -> 33.5 | M64: {=SUMPRODUCT((COUNTIFS(CONSTANTS!$I$105:$I$323,$E64,CONSTANTS!$D$105:$D$323,CONSTANTS!$A$57:$A$63)>0)*1)} -> 3 | N64: =MAXIFS(CONSTANTS!$C$105:$C$323,CONSTANTS!$I$105:$I$323,$E64) -> 0 | O64: =SUMIFS(CONSTANTS!$J$105:$J$323,CONSTANTS!$I$105:$I$323,$E64) -> 144
A65: 2 | B65: Bãi Cát Bỏng | C65: 1 | D65: 9 | E65: =A65&"-"&C65 -> 2-1 | F65: =SUMIFS(CONSTANTS!$E$105:$E$323,CONSTANTS!$I$105:$I$323,$E65) -> 5 | G65: =SUMIFS(CONSTANTS!$K$105:$K$323,CONSTANTS!$I$105:$I$323,$E65) -> 100 | H65: =SUMIFS(CONSTANTS!$L$105:$L$323,CONSTANTS!$I$105:$I$323,$E65) -> 184 | I65: =MAXIFS(CONSTANTS!$M$105:$M$323,CONSTANTS!$I$105:$I$323,$E65) -> 4 | J65: =MAX(I65,$B$14) -> 4 | K65: =H65/J65 -> 46.0 | L65: =H65/MAX($H$57:$H$149)*100 -> 11.3 | M65: {=SUMPRODUCT((COUNTIFS(CONSTANTS!$I$105:$I$323,$E65,CONSTANTS!$D$105:$D$323,CONSTANTS!$A$57:$A$63)>0)*1)} -> 1 | N65: =MAXIFS(CONSTANTS!$C$105:$C$323,CONSTANTS!$I$105:$I$323,$E65) -> 0 | O65: =SUMIFS(CONSTANTS!$J$105:$J$323,CONSTANTS!$I$105:$I$323,$E65) -> 50
A66: 2 | B66: Bãi Cát Bỏng | C66: 2 | D66: 10 | E66: =A66&"-"&C66 -> 2-2 | F66: =SUMIFS(CONSTANTS!$E$105:$E$323,CONSTANTS!$I$105:$I$323,$E66) -> 6 | G66: =SUMIFS(CONSTANTS!$K$105:$K$323,CONSTANTS!$I$105:$I$323,$E66) -> 120 | H66: =SUMIFS(CONSTANTS!$L$105:$L$323,CONSTANTS!$I$105:$I$323,$E66) -> 221 | I66: =MAXIFS(CONSTANTS!$M$105:$M$323,CONSTANTS!$I$105:$I$323,$E66) -> 4 | J66: =MAX(I66,$B$14) -> 4 | K66: =H66/J66 -> 55.2 | L66: =H66/MAX($H$57:$H$149)*100 -> 13.6 | M66: {=SUMPRODUCT((COUNTIFS(CONSTANTS!$I$105:$I$323,$E66,CONSTANTS!$D$105:$D$323,CONSTANTS!$A$57:$A$63)>0)*1)} -> 1 | N66: =MAXIFS(CONSTANTS!$C$105:$C$323,CONSTANTS!$I$105:$I$323,$E66) -> 0 | O66: =SUMIFS(CONSTANTS!$J$105:$J$323,CONSTANTS!$I$105:$I$323,$E66) -> 60
A67: 2 | B67: Bãi Cát Bỏng | C67: 3 | D67: 11 | E67: =A67&"-"&C67 -> 2-3 | F67: =SUMIFS(CONSTANTS!$E$105:$E$323,CONSTANTS!$I$105:$I$323,$E67) -> 7 | G67: =SUMIFS(CONSTANTS!$K$105:$K$323,CONSTANTS!$I$105:$I$323,$E67) -> 170 | H67: =SUMIFS(CONSTANTS!$L$105:$L$323,CONSTANTS!$I$105:$I$323,$E67) -> 339 | I67: =MAXIFS(CONSTANTS!$M$105:$M$323,CONSTANTS!$I$105:$I$323,$E67) -> 5 | J67: =MAX(I67,$B$14) -> 5 | K67: =H67/J67 -> 67.9 | L67: =H67/MAX($H$57:$H$149)*100 -> 20.9 | M67: {=SUMPRODUCT((COUNTIFS(CONSTANTS!$I$105:$I$323,$E67,CONSTANTS!$D$105:$D$323,CONSTANTS!$A$57:$A$63)>0)*1)} -> 2 | N67: =MAXIFS(CONSTANTS!$C$105:$C$323,CONSTANTS!$I$105:$I$323,$E67) -> 100 | O67: =SUMIFS(CONSTANTS!$J$105:$J$323,CONSTANTS!$I$105:$I$323,$E67) -> 94
A68: 2 | B68: Bãi Cát Bỏng | C68: 4 | D68: 12 | E68: =A68&"-"&C68 -> 2-4 | F68: =SUMIFS(CONSTANTS!$E$105:$E$323,CONSTANTS!$I$105:$I$323,$E68) -> 7 | G68: =SUMIFS(CONSTANTS!$K$105:$K$323,CONSTANTS!$I$105:$I$323,$E68) -> 160 | H68: =SUMIFS(CONSTANTS!$L$105:$L$323,CONSTANTS!$I$105:$I$323,$E68) -> 475 | I68: =MAXIFS(CONSTANTS!$M$105:$M$323,CONSTANTS!$I$105:$I$323,$E68) -> 5 | J68: =MAX(I68,$B$14) -> 5 | K68: =H68/J68 -> 95.0 | L68: =H68/MAX($H$57:$H$149)*100 -> 29.3 | M68: {=SUMPRODUCT((COUNTIFS(CONSTANTS!$I$105:$I$323,$E68,CONSTANTS!$D$105:$D$323,CONSTANTS!$A$57:$A$63)>0)*1)} -> 2 | N68: =MAXIFS(CONSTANTS!$C$105:$C$323,CONSTANTS!$I$105:$I$323,$E68) -> 0 | O68: =SUMIFS(CONSTANTS!$J$105:$J$323,CONSTANTS!$I$105:$I$323,$E68) -> 110
... A149: 10 | B149: Rừng Cấm | C149: 10 | D149: 93 | E149: =A149&"-"&C149 -> 10-10 | F149: =SUMIFS(CONSTANTS!$E$105:$E$323,CONSTANTS!$I$105:$I$323,$E149) -> 1 | G149: =SUMIFS(CONSTANTS!$K$105:$K$323,CONSTANTS!$I$105:$I$323,$E149) -> 20 | H149: =SUMIFS(CONSTANTS!$L$105:$L$323,CONSTANTS!$I$105:$I$323,$E149) -> 37 | I149: =MAXIFS(CONSTANTS!$M$105:$M$323,CONSTANTS!$I$105:$I$323,$E149) -> 0 | J149: =MAX(I149,$B$14) -> 3 | K149: =H149/J149 -> 12.3 | L149: =H149/MAX($H$57:$H$149)*100 -> 2.3 | M149: {=SUMPRODUCT((COUNTIFS(CONSTANTS!$I$105:$I$323,$E149,CONSTANTS!$D$105:$D$323,CONSTANTS!$A$57:$A$63)>0)*1)} -> 1 | N149: =MAXIFS(CONSTANTS!$C$105:$C$323,CONSTANTS!$I$105:$I$323,$E149) -> 0 | O149: =SUMIFS(CONSTANTS!$J$105:$J$323,CONSTANTS!$I$105:$I$323,$E149) -> 10
A151: 4 · MÀN — đường cong độ khó
A152: BIÊN THA THỨ = máu căn cứ ÷ tổng số địch (GDD 7.1). Bước dốc tính theo ĐIỂM phần trăm.
A153: # | B153: Tên màn | C153: Máu căn cứ | D153: Số wave | E153: Số địch | F153: Tổng HP | G153: Tổng độ dai | H153: BIÊN THA THỨ | I153: Bước dốc (điểm %) | J153: Vượt ngưỡng? | K153: Độ dai TB mỗi con | L153: Tổng cửa spawn (s) | M153: Mật độ spawn (địch/giây) | N153: Vượt nhịp nguồn? | O153: BEAT TB | P153: BEAT đỉnh | Q153: Breather? | R153: Win rate mục tiêu
A154: 1 | B154: Đồng Nứt | C154: =CONSTANTS!$C$74 -> 20 | D154: =COUNTIFS($A$57:$A$149,$A154) -> 8 | E154: =SUMIFS($F$57:$F$149,$A$57:$A$149,$A154) -> 54 | F154: =SUMIFS($G$57:$G$149,$A$57:$A$149,$A154) -> 1,200 | G154: =SUMIFS($H$57:$H$149,$A$57:$A$149,$A154) -> 2,618 | H154: =C154/E154 -> 37.0% | I154: — | J154: — | K154: =G154/E154 -> 48.5 | L154: =SUMIFS($J$57:$J$149,$A$57:$A$149,$A154) -> 48 | M154: =E154/L154 -> 1.13 | N154: =IF(M154>$B$6,"CÓ","không") -> không | O154: =AVERAGEIFS($L$57:$L$149,$A$57:$A$149,$A154) -> 20.2 | P154: =MAXIFS($L$57:$L$149,$A$57:$A$149,$A154) -> 33.5 | Q154: =CONSTANTS!$F$74 -> 0 | R154: =CONSTANTS!$H$74 -> 100%
A155: 2 | B155: Bãi Cát Bỏng | C155: =CONSTANTS!$C$75 -> 20 | D155: =COUNTIFS($A$57:$A$149,$A155) -> 8 | E155: =SUMIFS($F$57:$F$149,$A$57:$A$149,$A155) -> 57 | F155: =SUMIFS($G$57:$G$149,$A$57:$A$149,$A155) -> 1,350 | G155: =SUMIFS($H$57:$H$149,$A$57:$A$149,$A155) -> 3,403 | H155: =C155/E155 -> 35.1% | I155: =(H155-H154)*100 -> -1.9 | J155: =IF(ABS(H155-H154)>$B$15,"VƯỢT","ok") -> ok | K155: =G155/E155 -> 59.7 | L155: =SUMIFS($J$57:$J$149,$A$57:$A$149,$A155) -> 53 | M155: =E155/L155 -> 1.08 | N155: =IF(M155>$B$6,"CÓ","không") -> không | O155: =AVERAGEIFS($L$57:$L$149,$A$57:$A$149,$A155) -> 26.2 | P155: =MAXIFS($L$57:$L$149,$A$57:$A$149,$A155) -> 36.6 | Q155: =CONSTANTS!$F$75 -> 0 | R155: =CONSTANTS!$H$75 -> 100%
A156: 3 | B156: Đá Đỏ | C156: =CONSTANTS!$C$76 -> 15 | D156: =COUNTIFS($A$57:$A$149,$A156) -> 10 | E156: =SUMIFS($F$57:$F$149,$A$57:$A$149,$A156) -> 84 | F156: =SUMIFS($G$57:$G$149,$A$57:$A$149,$A156) -> 1,690 | G156: =SUMIFS($H$57:$H$149,$A$57:$A$149,$A156) -> 3,404 | H156: =C156/E156 -> 17.9% | I156: =(H156-H155)*100 -> -17.2 | J156: =IF(ABS(H156-H155)>$B$15,"VƯỢT","ok") -> VƯỢT | K156: =G156/E156 -> 40.5 | L156: =SUMIFS($J$57:$J$149,$A$57:$A$149,$A156) -> 75 | M156: =E156/L156 -> 1.12 | N156: =IF(M156>$B$6,"CÓ","không") -> không | O156: =AVERAGEIFS($L$57:$L$149,$A$57:$A$149,$A156) -> 21.0 | P156: =MAXIFS($L$57:$L$149,$A$57:$A$149,$A156) -> 33.9 | Q156: =CONSTANTS!$F$76 -> 0 | R156: =CONSTANTS!$H$76 -> 90%
A157: 4 | B157: Suối Cạn | C157: =CONSTANTS!$C$77 -> 15 | D157: =COUNTIFS($A$57:$A$149,$A157) -> 10 | E157: =SUMIFS($F$57:$F$149,$A$57:$A$149,$A157) -> 103 | F157: =SUMIFS($G$57:$G$149,$A$57:$A$149,$A157) -> 2,200 | G157: =SUMIFS($H$57:$H$149,$A$57:$A$149,$A157) -> 5,107 | H157: =C157/E157 -> 14.6% | I157: =(H157-H156)*100 -> -3.3 | J157: =IF(ABS(H157-H156)>$B$15,"VƯỢT","ok") -> ok | K157: =G157/E157 -> 49.6 | L157: =SUMIFS($J$57:$J$149,$A$57:$A$149,$A157) -> 72 | M157: =E157/L157 -> 1.43 | N157: =IF(M157>$B$6,"CÓ","không") -> không | O157: =AVERAGEIFS($L$57:$L$149,$A$57:$A$149,$A157) -> 31.5 | P157: =MAXIFS($L$57:$L$149,$A$57:$A$149,$A157) -> 58.1 | Q157: =CONSTANTS!$F$77 -> 0 | R157: =CONSTANTS!$H$77 -> 85%
A158: 5 | B158: Đồi Trọc | C158: =CONSTANTS!$C$78 -> 10 | D158: =COUNTIFS($A$57:$A$149,$A158) -> 10 | E158: =SUMIFS($F$57:$F$149,$A$57:$A$149,$A158) -> 99 | F158: =SUMIFS($G$57:$G$149,$A$57:$A$149,$A158) -> 2,210 | G158: =SUMIFS($H$57:$H$149,$A$57:$A$149,$A158) -> 4,728 | H158: =C158/E158 -> 10.1% | I158: =(H158-H157)*100 -> -4.5 | J158: =IF(ABS(H158-H157)>$B$15,"VƯỢT","ok") -> ok | K158: =G158/E158 -> 47.8 | L158: =SUMIFS($J$57:$J$149,$A$57:$A$149,$A158) -> 55 | M158: =E158/L158 -> 1.80 | N158: =IF(M158>$B$6,"CÓ","không") -> CÓ | O158: =AVERAGEIFS($L$57:$L$149,$A$57:$A$149,$A158) -> 29.1 | P158: =MAXIFS($L$57:$L$149,$A$57:$A$149,$A158) -> 80.9 | Q158: =CONSTANTS!$F$78 -> 0 | R158: =CONSTANTS!$H$78 -> 75%
A159: 6 | B159: Rừng Tre Khô | C159: =CONSTANTS!$C$79 -> 10 | D159: =COUNTIFS($A$57:$A$149,$A159) -> 10 | E159: =SUMIFS($F$57:$F$149,$A$57:$A$149,$A159) -> 110 | F159: =SUMIFS($G$57:$G$149,$A$57:$A$149,$A159) -> 2,510 | G159: =SUMIFS($H$57:$H$149,$A$57:$A$149,$A159) -> 5,828 | H159: =C159/E159 -> 9.1% | I159: =(H159-H158)*100 -> -1.0 | J159: =IF(ABS(H159-H158)>$B$15,"VƯỢT","ok") -> ok | K159: =G159/E159 -> 53.0 | L159: =SUMIFS($J$57:$J$149,$A$57:$A$149,$A159) -> 62 | M159: =E159/L159 -> 1.77 | N159: =IF(M159>$B$6,"CÓ","không") -> CÓ | O159: =AVERAGEIFS($L$57:$L$149,$A$57:$A$149,$A159) -> 35.9 | P159: =MAXIFS($L$57:$L$149,$A$57:$A$149,$A159) -> 89.4 | Q159: =CONSTANTS!$F$79 -> 0 | R159: =CONSTANTS!$H$79 -> 70%
A160: 7 | B160: Vách Đá Vàng | C160: =CONSTANTS!$C$80 -> 10 | D160: =COUNTIFS($A$57:$A$149,$A160) -> 10 | E160: =SUMIFS($F$57:$F$149,$A$57:$A$149,$A160) -> 124 | F160: =SUMIFS($G$57:$G$149,$A$57:$A$149,$A160) -> 2,960 | G160: =SUMIFS($H$57:$H$149,$A$57:$A$149,$A160) -> 7,246 | H160: =C160/E160 -> 8.1% | I160: =(H160-H159)*100 -> -1.0 | J160: =IF(ABS(H160-H159)>$B$15,"VƯỢT","ok") -> ok | K160: =G160/E160 -> 58.4 | L160: =SUMIFS($J$57:$J$149,$A$57:$A$149,$A160) -> 57 | M160: =E160/L160 -> 2.18 | N160: =IF(M160>$B$6,"CÓ","không") -> CÓ | O160: =AVERAGEIFS($L$57:$L$149,$A$57:$A$149,$A160) -> 44.6 | P160: =MAXIFS($L$57:$L$149,$A$57:$A$149,$A160) -> 100.0 | Q160: =CONSTANTS!$F$80 -> 0 | R160: =CONSTANTS!$H$80 -> 65%
A161: 8 | B161: Vực Gió | C161: =CONSTANTS!$C$81 -> 10 | D161: =COUNTIFS($A$57:$A$149,$A161) -> 10 | E161: =SUMIFS($F$57:$F$149,$A$57:$A$149,$A161) -> 134 | F161: =SUMIFS($G$57:$G$149,$A$57:$A$149,$A161) -> 3,010 | G161: =SUMIFS($H$57:$H$149,$A$57:$A$149,$A161) -> 8,584 | H161: =C161/E161 -> 7.5% | I161: =(H161-H160)*100 -> -0.6 | J161: =IF(ABS(H161-H160)>$B$15,"VƯỢT","ok") -> ok | K161: =G161/E161 -> 64.1 | L161: =SUMIFS($J$57:$J$149,$A$57:$A$149,$A161) -> 76 | M161: =E161/L161 -> 1.76 | N161: =IF(M161>$B$6,"CÓ","không") -> CÓ | O161: =AVERAGEIFS($L$57:$L$149,$A$57:$A$149,$A161) -> 52.9 | P161: =MAXIFS($L$57:$L$149,$A$57:$A$149,$A161) -> 84.5 | Q161: =CONSTANTS!$F$81 -> 0 | R161: =CONSTANTS!$H$81 -> 55%
A162: 9 | B162: Động Khảm | C162: =CONSTANTS!$C$82 -> 10 | D162: =COUNTIFS($A$57:$A$149,$A162) -> 7 | E162: =SUMIFS($F$57:$F$149,$A$57:$A$149,$A162) -> 92 | F162: =SUMIFS($G$57:$G$149,$A$57:$A$149,$A162) -> 2,020 | G162: =SUMIFS($H$57:$H$149,$A$57:$A$149,$A162) -> 4,480 | H162: =C162/E162 -> 10.9% | I162: =(H162-H161)*100 -> 3.4 | J162: =IF(ABS(H162-H161)>$B$15,"VƯỢT","ok") -> ok | K162: =G162/E162 -> 48.7 | L162: =SUMIFS($J$57:$J$149,$A$57:$A$149,$A162) -> 52 | M162: =E162/L162 -> 1.77 | N162: =IF(M162>$B$6,"CÓ","không") -> CÓ | O162: =AVERAGEIFS($L$57:$L$149,$A$57:$A$149,$A162) -> 39.4 | P162: =MAXIFS($L$57:$L$149,$A$57:$A$149,$A162) -> 76.5 | Q162: =CONSTANTS!$F$82 -> 1 | R162: =CONSTANTS!$H$82 -> 80%
A163: 10 | B163: Rừng Cấm | C163: =CONSTANTS!$C$83 -> 10 | D163: =COUNTIFS($A$57:$A$149,$A163) -> 10 | E163: =SUMIFS($F$57:$F$149,$A$57:$A$149,$A163) -> 137 | F163: =SUMIFS($G$57:$G$149,$A$57:$A$149,$A163) -> 3,870 | G163: =SUMIFS($H$57:$H$149,$A$57:$A$149,$A163) -> 8,931 | H163: =C163/E163 -> 7.3% | I163: =(H163-H162)*100 -> -3.6 | J163: =IF(ABS(H163-H162)>$B$15,"VƯỢT","ok") -> ok | K163: =G163/E163 -> 65.2 | L163: =SUMIFS($J$57:$J$149,$A$57:$A$149,$A163) -> 73 | M163: =E163/L163 -> 1.88 | N163: =IF(M163>$B$6,"CÓ","không") -> CÓ | O163: =AVERAGEIFS($L$57:$L$149,$A$57:$A$149,$A163) -> 55.0 | P163: =MAXIFS($L$57:$L$149,$A$57:$A$149,$A163) -> 98.8 | Q163: =CONSTANTS!$F$83 -> 0 | R163: =CONSTANTS!$H$83 -> 40%

Sheet MONITOR
A1: MONITOR — bảng chứng minh + chart
A2: Mỗi dòng là một phát biểu kiểm được. Cột KẾT QUẢ là công thức so đo được với ngưỡng. Không sửa gì ở sheet này.
A17: 2 · BẢNG CHỨNG MINH
A18: # | B18: Phát biểu | C18: Đo được | D18: Ngưỡng | E18: KẾT QUẢ
A19: 1 | B19: HTK ra SỐ NGUYÊN với mọi damage cơ bản (5 và 10) | C19: =SUMPRODUCT(--(MOD(CONSTANTS!$C$57:$C$63,CALC!$D$25)<>0))+SUMPRODUCT(--(MOD(CONSTANTS!$C$57:$C$63,CONSTANTS!$L$25)<>0)) -> 0 | D19: 0 — 0 ô lệch trên 7 quái × 2 mức damage | E19: =IF(C19<=0,"ĐẠT","KHÔNG ĐẠT") -> ĐẠT
A20: 2 | B20: PHONG là hành nguyên tố DUY NHẤT theo kịp nhịp nguồn | C20: =COUNTIFS(CONSTANTS!$G$25:$G$27,"<="&CONSTANTS!$G$24) -> 1 | D20: 1 — đúng 1 hành | E20: =IF(C20=1,"ĐẠT","KHÔNG ĐẠT") -> ĐẠT
A21: 3 | B21: HỎA và THỦY nghẹn chain so với nguồn | C21: =1-CALC!$G$26/CALC!$B$6 -> 23.5% | D21: 0 — > 0 nghĩa là có nghẹn | E21: =IF(C21>0,"ĐẠT","KHÔNG ĐẠT") -> ĐẠT
A22: 4 | B22: Hai chain HỎA vượt trần Tỏa Hồn (edge case 3.5) | C22: =2*CALC!$G$26-CALC!$B$8 -> 0.131 | D22: 0 — > 0 nghĩa là vượt | E22: =IF(C22>0,"ĐẠT","KHÔNG ĐẠT") -> ĐẠT
A23: 5 | B23: Chuỗi dài hơn KHÔNG mạnh hơn (luật thay thế) | C23: =CALC!$H$26-CALC!$H$26 -> 0.0 | D23: 0 — = 0 · chain 2 trụ và 4 trụ cùng DPS | E23: =IF(C23=0,"ĐẠT","KHÔNG ĐẠT") -> ĐẠT
A24: 6 | B24: Biên tha thứ đơn điệu giảm (bỏ qua màn breather) | C24: =SUMPRODUCT((CALC!$Q$155:$Q$163=0)*(CALC!$H$155:$H$163>CALC!$H$154:$H$162)) -> 0 | D24: 0 — 0 màn tăng ngược | E24: =IF(C24<=0,"ĐẠT","KHÔNG ĐẠT") -> ĐẠT
A25: 7 | B25: Không màn nào có bước dốc vượt ngưỡng | C25: =SUMPRODUCT((CALC!$Q$155:$Q$163=0)*(ABS(CALC!$H$155:$H$163-CALC!$H$154:$H$162)>CALC!$B$15)) -> 1 | D25: 0 — 0 màn vượt | E25: =IF(C25<=1,"ĐẠT","KHÔNG ĐẠT") -> ĐẠT | F25: Màn 2 sang 3 và màn 9
A26: 8 | B26: Màn 9 là breather — biên CAO HƠN màn 8 | C26: =CALC!$H$162-CALC!$H$161 -> 3.4% | D26: 0 — > 0 | E26: =IF(C26>0,"ĐẠT","KHÔNG ĐẠT") -> ĐẠT
A27: 9 | B27: Màn 10 đạt biên tha thứ mục tiêu | C27: =CALC!$H$163 -> 7.3% | D27: =CONSTANTS!$B$9 -> 7.5% | E27: =IF(C27<=D27+0.001,"ĐẠT","KHÔNG ĐẠT") -> ĐẠT
A28: 10 | B28: Không màn nào mua nổi HẾT (kinh tế phải khan hiếm) | C28: =COUNTIF(ECONOMY!$I$18:$I$27,">=1") -> 0 | D28: 0 — 0 màn — với 4.2 chỉ có 2 tier thì mốc mua hết chỉ còn 3 150 | E28: =IF(C28<=0,"ĐẠT","KHÔNG ĐẠT — "&C28&" màn dư tiền, nâng cấp hết chỗ tiêu") -> ĐẠT
A29: 11 | B29: Mọi màn đều gom nổi chain tối thiểu ở wave 1 | C29: =COUNTIF(ECONOMY!$C$47:$L$47,1) -> 10 | D29: 10 — đúng 10 màn | E29: =IF(C29=10,"ĐẠT","KHÔNG ĐẠT") -> ĐẠT
A30: 12 | B30: Start gold đủ cho chain tối thiểu, không dư nhiều | C30: =CONSTANTS!$D$74-CALC!$B$17 -> 20 | D30: 0 — ≥ 0 và nhỏ | E30: =IF(AND(C30>=0,C30<100),"ĐẠT","KHÔNG ĐẠT") -> ĐẠT
A31: 13 | B31: Mật độ spawn vượt nhịp nguồn từ màn 5 trở đi | C31: =COUNTIF(CALC!$N$158:$N$163,"CÓ") -> 6 | D31: 6 — 6 màn (5→10) | E31: =IF(C31>=5,"ĐẠT","KHÔNG ĐẠT") -> ĐẠT
A32: 14 | B32: Ma trận 4.3 khớp với số tính ra (4 hàng có damage > 0) | C32: =COUNTIF(MATRIX!$L$47:$L$52,"KHỚP") -> 0 | D32: 4 — KIM · HỎA · PHONG · Hero (THỦY không so được) | E32: =IF(C32>=4,"ĐẠT","KHÔNG ĐẠT — "&(4-C32)&" hàng lệch, xem MATRIX khối 6") -> KHÔNG ĐẠT — 4 hàng lệch, xem MATRIX khối 6
A33: 15 | B33: Mỗi loại quái có ít nhất một trụ chủ lực (✔✔) trong 4.3 | C33: =IF(COUNTIF(MATRIX!$B$7:$B$12,"✔✔")>0,1,0)+IF(COUNTIF(MATRIX!$C$7:$C$12,"✔✔")>0,1,0)+IF(COUNTIF(MATRIX!$D$7:$D$12,"✔✔")>0,1,0)+IF(COUNTIF(MATRIX!$E$7:$E$12,"✔✔")>0,1,0)+IF(COUNTIF(MATRIX!$F$7:$F$12,"✔✔")>0,1,0) -> 5 | D33: 5 — đủ 5 loại quái | E33: =IF(C33>=5,"ĐẠT","KHÔNG ĐẠT — có loại quái không trụ nào là chủ lực") -> ĐẠT
A34: 16 | B34: Nâng cấp THỦY mua được thứ ĐO ĐƯỢC (dù 0 damage) | C34: =CALC!$F$52-CALC!$F$49 -> 38.1% | D34: 0 — > 0 · điểm % damage toàn mạng mà cả đường THỦY mua được | E34: =IF(C34>0,"ĐẠT","KHÔNG ĐẠT — tiền THỦY không mua được gì đo được") -> ĐẠT
A35: 17 | B35: Mỗi hành có đủ 3 tier và giá đơn điệu tăng | C35: =IF(SUMIFS(CONSTANTS!$C$34:$C$42,CONSTANTS!$A$34:$A$42,"HỎA",CONSTANTS!$B$34:$B$42,2)<SUMIFS(CONSTANTS!$C$34:$C$42,CONSTANTS!$A$34:$A$42,"HỎA",CONSTANTS!$B$34:$B$42,1),1,0)+IF(SUMIFS(CONSTANTS!$C$34:$C$42,CONSTANTS!$A$34:$A$42,"HỎA",CONSTANTS!$B$34:$B$42,3)<SUMIFS(CONSTANTS!$C$34:$C$42,CONSTANTS!$A$34:$A$42,"HỎA",CONSTANTS!$B$34:$B$42,2),1,0)+IF(SUMIFS(CONSTANTS!$C$34:$C$42,CONSTANTS!$A$34:$A$42,"THỦY",CONSTANTS!$B$34:$B$42,2)<SUMIFS(CONSTANTS!$C$34:$C$42,CONSTANTS!$A$34:$A$42,"THỦY",CONSTANTS!$B$34:$B$42,1),1,0)+IF(SUMIFS(CONSTANTS!$C$34:$C$42,CONSTANTS!$A$34:$A$42,"THỦY",CONSTANTS!$B$34:$B$42,3)<SUMIFS(CONSTANTS!$C$34:$C$42,CONSTANTS!$A$34:$A$42,"THỦY",CONSTANTS!$B$34:$B$42,2),1,0)+IF(SUMIFS(CONSTANTS!$C$34:$C$42,CONSTANTS!$A$34:$A$42,"PHONG",CONSTANTS!$B$34:$B$42,2)<SUMIFS(CONSTANTS!$C$34:$C$42,CONSTANTS!$A$34:$A$42,"PHONG",CONSTANTS!$B$34:$B$42,1),1,0)+IF(SUMIFS(CONSTANTS!$C$34:$C$42,CONSTANTS!$A$34:$A$42,"PHONG",CONSTANTS!$B$34:$B$42,3)<SUMIFS(CONSTANTS!$C$34:$C$42,CONSTANTS!$A$34:$A$42,"PHONG",CONSTANTS!$B$34:$B$42,2),1,0) -> 0 | D35: 0 — 0 chỗ tier sau rẻ hơn tier trước | E35: =IF(C35<=0,"ĐẠT","KHÔNG ĐẠT — "&C35&" chỗ không đơn điệu") -> ĐẠT
A36: 18 | B36: Trần số trụ mỗi màn đã được set | C36: =CONSTANTS!$B$10 -> 0 | D36: 0 — > 0 mới là ổn | E36: =IF(C36>0,"ĐẠT","KHÔNG ĐẠT — Instances = 0, DPS không có trần") -> KHÔNG ĐẠT — Instances = 0, DPS không có trần
A37: 19 | B37: Số trụ mua được ở màn giàu nhất | C37: =INT((MAX(ECONOMY!$F$18:$F$27)-CONSTANTS!$I$24)/MIN(CONSTANTS!$I$25,CONSTANTS!$I$26,CONSTANTS!$I$27))+1 -> 17 | D37: 0 — chỉ để tham chiếu | E37: ="tham chiếu" -> tham chiếu
A39: Số dòng ĐẠT | C39: =COUNTIF($E$19:$E$37,"ĐẠT") -> 16 | D39: trên tổng | E39: =19 -> 19

Sheet MATRIX
A1: MA TRẬN KHẮC CHẾ — trụ × enemy
A4: 1 · BẢNG 4.3 CỦA GDD
A5: THỦY không gây damage — ký hiệu của nó là hiệu quả slow, không phải damage. Kháng phép cần CẢ HAI hỏa và thủy burst (Sốc Nhiệt).
A6: Hành / trụ | B6: Thường | C6: Trâu | D6: Kháng phép | E6: Tàng hình | F6: Gà
A7: KIM | B7: ✔ | C7: ✔ | D7: X | E7: X | F7: ✔
A8: HỎA | B8: ✔✔ | C8: ✔✔ | D8: X | E8: X | F8: ✔✔
A9: PHONG | B9: ✔ | C9: ✔ | D9: ✔ | E9: X | F9: ✔✔
A10: THỔ
A11: THỦY | B11: ✔ | C11: ✔ | D11: ✔✔ | E11: ✔✔ | F11: ✔
A12: Hero (Cua) | B12: ✔ | C12: ✔ | D12: X | E12: X | F12: ✔
A14: 2 · SỐ PHÁT ĐỂ CHẾT (công thức)
A15: Công thức: ROUNDUP(HP quái ÷ damage mỗi phát của trụ). Trụ 0 damage ghi vô cực. THỔ đóng nên để trống.
A16: Hành / trụ | B16: Damage/phát | C16: Thường | D16: Trâu | E16: Kháng phép | F16: Tàng hình | G16: Gà
A17: KIM | B17: =CALC!$D$25 -> 5.0 | C17: =IF($B17=0,"∞",ROUNDUP(CALC!$B$36/$B17,0)) -> 4 | D17: =IF($B17=0,"∞",ROUNDUP(CALC!$B$37/$B17,0)) -> 6 | E17: =IF($B17=0,"∞",ROUNDUP(CALC!$B$38/$B17,0)) -> 6 | F17: =IF($B17=0,"∞",ROUNDUP(CALC!$B$39/$B17,0)) -> 4 | G17: =IF($B17=0,"∞",ROUNDUP(CALC!$B$40/$B17,0)) -> 2
A18: HỎA | B18: =CALC!$D$26 -> 18.0 | C18: =IF($B18=0,"∞",ROUNDUP(CALC!$B$36/$B18,0)) -> 2 | D18: =IF($B18=0,"∞",ROUNDUP(CALC!$B$37/$B18,0)) -> 2 | E18: =IF($B18=0,"∞",ROUNDUP(CALC!$B$38/$B18,0)) -> 2 | F18: =IF($B18=0,"∞",ROUNDUP(CALC!$B$39/$B18,0)) -> 2 | G18: =IF($B18=0,"∞",ROUNDUP(CALC!$B$40/$B18,0)) -> 1
A19: PHONG | B19: =CALC!$D$28 -> 5.0 | C19: =IF($B19=0,"∞",ROUNDUP(CALC!$B$36/$B19,0)) -> 4 | D19: =IF($B19=0,"∞",ROUNDUP(CALC!$B$37/$B19,0)) -> 6 | E19: =IF($B19=0,"∞",ROUNDUP(CALC!$B$38/$B19,0)) -> 6 | F19: =IF($B19=0,"∞",ROUNDUP(CALC!$B$39/$B19,0)) -> 4 | G19: =IF($B19=0,"∞",ROUNDUP(CALC!$B$40/$B19,0)) -> 2
A20: THỔ | B20: — | C20: — | D20: — | E20: — | F20: — | G20: —
A21: THỦY | B21: =CALC!$D$27 -> 0.0 | C21: =IF($B21=0,"∞",ROUNDUP(CALC!$B$36/$B21,0)) -> ∞ | D21: =IF($B21=0,"∞",ROUNDUP(CALC!$B$37/$B21,0)) -> ∞ | E21: =IF($B21=0,"∞",ROUNDUP(CALC!$B$38/$B21,0)) -> ∞ | F21: =IF($B21=0,"∞",ROUNDUP(CALC!$B$39/$B21,0)) -> ∞ | G21: =IF($B21=0,"∞",ROUNDUP(CALC!$B$40/$B21,0)) -> ∞
A22: Hero (Cua) | B22: =CALC!$D$29 -> 20.0 | C22: =IF($B22=0,"∞",ROUNDUP(CALC!$B$36/$B22,0)) -> 1 | D22: =IF($B22=0,"∞",ROUNDUP(CALC!$B$37/$B22,0)) -> 2 | E22: =IF($B22=0,"∞",ROUNDUP(CALC!$B$38/$B22,0)) -> 2 | F22: =IF($B22=0,"∞",ROUNDUP(CALC!$B$39/$B22,0)) -> 1 | G22: =IF($B22=0,"∞",ROUNDUP(CALC!$B$40/$B22,0)) -> 1
A24: 3 · GIÂY ĐỂ CHẾT (công thức)
A25: Công thức: số phát ÷ chain rate của trụ đó. Đây là thước so sánh giữa các trụ, vì nhịp khác nhau.
A26: Hành / trụ | B26: Chain rate (viên/s) | C26: Thường | D26: Trâu | E26: Kháng phép | F26: Tàng hình | G26: Gà
A27: KIM | B27: =CALC!$G$25 -> 1.538 | C27: =IF(ISNUMBER(C17),C17/$B27,"∞") -> 2.6 | D27: =IF(ISNUMBER(D17),D17/$B27,"∞") -> 3.9 | E27: =IF(ISNUMBER(E17),E17/$B27,"∞") -> 3.9 | F27: =IF(ISNUMBER(F17),F17/$B27,"∞") -> 2.6 | G27: =IF(ISNUMBER(G17),G17/$B27,"∞") -> 1.3
A28: HỎA | B28: =CALC!$G$26 -> 1.176 | C28: =IF(ISNUMBER(C18),C18/$B28,"∞") -> 1.7 | D28: =IF(ISNUMBER(D18),D18/$B28,"∞") -> 1.7 | E28: =IF(ISNUMBER(E18),E18/$B28,"∞") -> 1.7 | F28: =IF(ISNUMBER(F18),F18/$B28,"∞") -> 1.7 | G28: =IF(ISNUMBER(G18),G18/$B28,"∞") -> 0.9
A29: PHONG | B29: =CALC!$G$28 -> 1.538 | C29: =IF(ISNUMBER(C19),C19/$B29,"∞") -> 2.6 | D29: =IF(ISNUMBER(D19),D19/$B29,"∞") -> 3.9 | E29: =IF(ISNUMBER(E19),E19/$B29,"∞") -> 3.9 | F29: =IF(ISNUMBER(F19),F19/$B29,"∞") -> 2.6 | G29: =IF(ISNUMBER(G19),G19/$B29,"∞") -> 1.3
A30: THỔ | B30: — | C30: — | D30: — | E30: — | F30: — | G30: —
A31: THỦY | B31: =CALC!$G$27 -> 1.176 | C31: =IF(ISNUMBER(C21),C21/$B31,"∞") -> ∞ | D31: =IF(ISNUMBER(D21),D21/$B31,"∞") -> ∞ | E31: =IF(ISNUMBER(E21),E21/$B31,"∞") -> ∞ | F31: =IF(ISNUMBER(F21),F21/$B31,"∞") -> ∞ | G31: =IF(ISNUMBER(G21),G21/$B31,"∞") -> ∞
A32: Hero (Cua) | B32: =CALC!$G$29 -> 0.500 | C32: =IF(ISNUMBER(C22),C22/$B32,"∞") -> 2.0 | D32: =IF(ISNUMBER(D22),D22/$B32,"∞") -> 4.0 | E32: =IF(ISNUMBER(E22),E22/$B32,"∞") -> 4.0 | F32: =IF(ISNUMBER(F22),F22/$B32,"∞") -> 2.0 | G32: =IF(ISNUMBER(G22),G22/$B32,"∞") -> 2.0
A34: 4 · CỔNG MIỄN NHIỄM (công thức)
A35: Nhị phân theo luật 3.2 #8: Tàng hình chỉ THỦY mở · Kháng phép chỉ Sốc Nhiệt (HỎA + THỦY) mở. Trụ nào không mở được cổng thì mọi damage của nó = 0.
A36: Hành / trụ | B36: Thường | C36: Trâu | D36: Kháng phép | E36: Tàng hình | F36: Gà
A37: KIM | B37: — | C37: — | D37: BỊ CHẶN | E37: BỊ CHẶN | F37: —
A38: HỎA | B38: — | C38: — | D38: nửa cổng | E38: BỊ CHẶN | F38: —
A39: PHONG | B39: — | C39: — | D39: BỊ CHẶN | E39: BỊ CHẶN | F39: —
A40: THỔ | B40: — | C40: — | D40: — | E40: — | F40: —
A41: THỦY | B41: — | C41: — | D41: nửa cổng | E41: MỞ ĐƯỢC | F41: —
A42: Hero (Cua) | B42: — | C42: — | D42: BỊ CHẶN | E42: BỊ CHẶN | F42: —
A44: 5 · ĐỐI CHIẾU
A46: Hành / trụ | B46: Thường · GDD | C46: Trâu · GDD | D46: Kháng phép · GDD | E46: Tàng hình · GDD | F46: Gà · GDD | G46: Thường · tính | H46: Trâu · tính | I46: Kháng phép · tính | J46: Tàng hình · tính | K46: Gà · tính
A47: KIM | B47: =B7 -> ✔ | C47: =C7 -> ✔ | D47: =D7 -> X | E47: =E7 -> X | F47: =F7 -> ✔ | G47: =IF(OR(B37="BỊ CHẶN",B37="nửa cổng"),"X",IF($B17=0,"⊕",IF(C27<=MIN(C27,C28,C29,C31,C32)*CALC!$B$16,"✔✔","✔"))) -> ✔ | H47: =IF(OR(C37="BỊ CHẶN",C37="nửa cổng"),"X",IF($B17=0,"⊕",IF(D27<=MIN(D27,D28,D29,D31,D32)*CALC!$B$16,"✔✔","✔"))) -> ✔ | I47: =IF(OR(D37="BỊ CHẶN",D37="nửa cổng"),"X",IF($B17=0,"⊕",IF(E27<=MIN(E27,E28,E29,E31,E32)*CALC!$B$16,"✔✔","✔"))) -> X | J47: =IF(OR(E37="BỊ CHẶN",E37="nửa cổng"),"X",IF($B17=0,"⊕",IF(F27<=MIN(F27,F28,F29,F31,F32)*CALC!$B$16,"✔✔","✔"))) -> X | K47: =IF(OR(F37="BỊ CHẶN",F37="nửa cổng"),"X",IF($B17=0,"⊕",IF(G27<=MIN(G27,G28,G29,G31,G32)*CALC!$B$16,"✔✔","✔"))) -> ✔
A48: HỎA | B48: =B8 -> ✔✔ | C48: =C8 -> ✔✔ | D48: =D8 -> X | E48: =E8 -> X | F48: =F8 -> ✔✔ | G48: =IF(OR(B38="BỊ CHẶN",B38="nửa cổng"),"X",IF($B18=0,"⊕",IF(C28<=MIN(C27,C28,C29,C31,C32)*CALC!$B$16,"✔✔","✔"))) -> ✔✔ | H48: =IF(OR(C38="BỊ CHẶN",C38="nửa cổng"),"X",IF($B18=0,"⊕",IF(D28<=MIN(D27,D28,D29,D31,D32)*CALC!$B$16,"✔✔","✔"))) -> ✔✔ | I48: =IF(OR(D38="BỊ CHẶN",D38="nửa cổng"),"X",IF($B18=0,"⊕",IF(E28<=MIN(E27,E28,E29,E31,E32)*CALC!$B$16,"✔✔","✔"))) -> X | J48: =IF(OR(E38="BỊ CHẶN",E38="nửa cổng"),"X",IF($B18=0,"⊕",IF(F28<=MIN(F27,F28,F29,F31,F32)*CALC!$B$16,"✔✔","✔"))) -> X | K48: =IF(OR(F38="BỊ CHẶN",F38="nửa cổng"),"X",IF($B18=0,"⊕",IF(G28<=MIN(G27,G28,G29,G31,G32)*CALC!$B$16,"✔✔","✔"))) -> ✔✔
A49: PHONG | B49: =B9 -> ✔ | C49: =C9 -> ✔ | D49: =D9 -> ✔ | E49: =E9 -> X | F49: =F9 -> ✔✔ | G49: =IF(OR(B39="BỊ CHẶN",B39="nửa cổng"),"X",IF($B19=0,"⊕",IF(C29<=MIN(C27,C28,C29,C31,C32)*CALC!$B$16,"✔✔","✔"))) -> ✔ | H49: =IF(OR(C39="BỊ CHẶN",C39="nửa cổng"),"X",IF($B19=0,"⊕",IF(D29<=MIN(D27,D28,D29,D31,D32)*CALC!$B$16,"✔✔","✔"))) -> ✔ | I49: =IF(OR(D39="BỊ CHẶN",D39="nửa cổng"),"X",IF($B19=0,"⊕",IF(E29<=MIN(E27,E28,E29,E31,E32)*CALC!$B$16,"✔✔","✔"))) -> X | J49: =IF(OR(E39="BỊ CHẶN",E39="nửa cổng"),"X",IF($B19=0,"⊕",IF(F29<=MIN(F27,F28,F29,F31,F32)*CALC!$B$16,"✔✔","✔"))) -> X | K49: =IF(OR(F39="BỊ CHẶN",F39="nửa cổng"),"X",IF($B19=0,"⊕",IF(G29<=MIN(G27,G28,G29,G31,G32)*CALC!$B$16,"✔✔","✔"))) -> ✔
A50: THỔ | B50: =B10 | C50: =C10 | D50: =D10 | E50: =E10 | F50: =F10 | G50: — | H50: — | I50: — | J50: — | K50: —
A51: THỦY | B51: =B11 -> ✔ | C51: =C11 -> ✔ | D51: =D11 -> ✔✔ | E51: =E11 -> ✔✔ | F51: =F11 -> ✔ | G51: =IF(OR(B41="BỊ CHẶN",B41="nửa cổng"),"X",IF($B21=0,"⊕",IF(C31<=MIN(C27,C28,C29,C31,C32)*CALC!$B$16,"✔✔","✔"))) -> ⊕ | H51: =IF(OR(C41="BỊ CHẶN",C41="nửa cổng"),"X",IF($B21=0,"⊕",IF(D31<=MIN(D27,D28,D29,D31,D32)*CALC!$B$16,"✔✔","✔"))) -> ⊕ | I51: =IF(OR(D41="BỊ CHẶN",D41="nửa cổng"),"X",IF($B21=0,"⊕",IF(E31<=MIN(E27,E28,E29,E31,E32)*CALC!$B$16,"✔✔","✔"))) -> X | J51: =IF(OR(E41="BỊ CHẶN",E41="nửa cổng"),"X",IF($B21=0,"⊕",IF(F31<=MIN(F27,F28,F29,F31,F32)*CALC!$B$16,"✔✔","✔"))) -> ⊕ | K51: =IF(OR(F41="BỊ CHẶN",F41="nửa cổng"),"X",IF($B21=0,"⊕",IF(G31<=MIN(G27,G28,G29,G31,G32)*CALC!$B$16,"✔✔","✔"))) -> ⊕
A52: Hero (Cua) | B52: =B12 -> ✔ | C52: =C12 -> ✔ | D52: =D12 -> X | E52: =E12 -> X | F52: =F12 -> ✔ | G52: =IF(OR(B42="BỊ CHẶN",B42="nửa cổng"),"X",IF($B22=0,"⊕",IF(C32<=MIN(C27,C28,C29,C31,C32)*CALC!$B$16,"✔✔","✔"))) -> ✔✔ | H52: =IF(OR(C42="BỊ CHẶN",C42="nửa cổng"),"X",IF($B22=0,"⊕",IF(D32<=MIN(D27,D28,D29,D31,D32)*CALC!$B$16,"✔✔","✔"))) -> ✔ | I52: =IF(OR(D42="BỊ CHẶN",D42="nửa cổng"),"X",IF($B22=0,"⊕",IF(E32<=MIN(E27,E28,E29,E31,E32)*CALC!$B$16,"✔✔","✔"))) -> X | J52: =IF(OR(E42="BỊ CHẶN",E42="nửa cổng"),"X",IF($B22=0,"⊕",IF(F32<=MIN(F27,F28,F29,F31,F32)*CALC!$B$16,"✔✔","✔"))) -> X | K52: =IF(OR(F42="BỊ CHẶN",F42="nửa cổng"),"X",IF($B22=0,"⊕",IF(G32<=MIN(G27,G28,G29,G31,G32)*CALC!$B$16,"✔✔","✔"))) -> ✔

Sheet ECONOMY
A1: KINH TẾ — công thức thu / chi
A2: Hết màn RESET HẾT (GDD 3.4) → mọi tỷ lệ tính TRONG MỘT MÀN, không tích luỹ qua màn.
A4: 1 · CÔNG THỨC CHI (mốc tiêu tiền)
A5: Mốc | B5: Công thức | C5: Vàng | D5: Ghi chú
A6: Chain tối thiểu | B6: KIM + hành rẻ nhất | C6: =CALC!$B$17 -> 420 | D6: điều kiện để bắt được wave 1
A7: Build đủ 5 trụ mua bằng vàng | B7: Σ Build Cost | C7: =CALC!$B$18 -> 1,120 | D7: Tỏa Hồn = 0
A8: Nâng cấp đủ (GDD 4.2) | B8: Σ Cost tier | C8: =CALC!$B$19 -> 3,500 | D8: 2 tier × 3 hành
A9: MỐC MUA HẾT | B9: build + nâng cấp | C9: =CALC!$B$20 -> 4,620 | D9: trần chi tiêu một màn
A10: Hero (Cua) | B10: Build Cost Hero | C10: =CONSTANTS!$I$28 -> 300 | D10: GDD 8.2 ghi giá UNKNOWN — số này từ 6.2
A11: Hoàn khi bán 1 trụ 200 | B11: 200 × tỷ lệ hoàn | C11: =200*CALC!$B$13 -> 140.0
A12: Mất khi bán 1 trụ 200 | B12: 200 × (1 − tỷ lệ) | C12: =200*(1-CALC!$B$13) -> 60.0 | D12: ≈ bao nhiêu con Thường
A13: Mất đó bằng mấy con Thường | B13: mất ÷ vàng Thường | C13: =C12/CALC!$L$36 -> 6.0
A15: 2 · THU / CHI THEO MÀN
A16: Kill gold và clear gold cộng từ wave data. Không có số nào gõ tay.
A17: # | B17: Tên màn | C17: Start gold | D17: Kill gold | E17: Clear gold | F17: TỔNG THU | G17: / chain tối thiểu | H17: / build đủ | I17: / mốc mua hết | J17: Mua hết được? | K17: % thu bị build hấp thụ | L17: % thu bị nâng cấp hấp thụ | M17: % Hero
A18: 1 | B18: Đồng Nứt | C18: =CONSTANTS!$D$74 -> 440 | D18: =SUMIFS(CALC!$O$57:$O$149,CALC!$A$57:$A$149,$A18) -> 701 | E18: =SUMIFS(CALC!$N$57:$N$149,CALC!$A$57:$A$149,$A18) -> 500 | F18: =C18+D18+E18 -> 1,641 | G18: =F18/$C$6 -> 3.91× | H18: =F18/$C$7 -> 1.47× | I18: =F18/$C$9 -> 0.36× | J18: =IF(I18>=1,"CÓ","KHÔNG") -> KHÔNG | K18: =$C$7/F18 -> 68% | L18: =$C$8/F18 -> 213% | M18: =$C$10/F18 -> 18%
A19: 2 | B19: Bãi Cát Bỏng | C19: =CONSTANTS!$D$75 -> 440 | D19: =SUMIFS(CALC!$O$57:$O$149,CALC!$A$57:$A$149,$A19) -> 846 | E19: =SUMIFS(CALC!$N$57:$N$149,CALC!$A$57:$A$149,$A19) -> 400 | F19: =C19+D19+E19 -> 1,686 | G19: =F19/$C$6 -> 4.01× | H19: =F19/$C$7 -> 1.51× | I19: =F19/$C$9 -> 0.36× | J19: =IF(I19>=1,"CÓ","KHÔNG") -> KHÔNG | K19: =$C$7/F19 -> 66% | L19: =$C$8/F19 -> 208% | M19: =$C$10/F19 -> 18%
A20: 3 | B20: Đá Đỏ | C20: =CONSTANTS!$D$76 -> 440 | D20: =SUMIFS(CALC!$O$57:$O$149,CALC!$A$57:$A$149,$A20) -> 1,048 | E20: =SUMIFS(CALC!$N$57:$N$149,CALC!$A$57:$A$149,$A20) -> 800 | F20: =C20+D20+E20 -> 2,288 | G20: =F20/$C$6 -> 5.45× | H20: =F20/$C$7 -> 2.04× | I20: =F20/$C$9 -> 0.50× | J20: =IF(I20>=1,"CÓ","KHÔNG") -> KHÔNG | K20: =$C$7/F20 -> 49% | L20: =$C$8/F20 -> 153% | M20: =$C$10/F20 -> 13%
A21: 4 | B21: Suối Cạn | C21: =CONSTANTS!$D$77 -> 440 | D21: =SUMIFS(CALC!$O$57:$O$149,CALC!$A$57:$A$149,$A21) -> 1,419 | E21: =SUMIFS(CALC!$N$57:$N$149,CALC!$A$57:$A$149,$A21) -> 600 | F21: =C21+D21+E21 -> 2,459 | G21: =F21/$C$6 -> 5.85× | H21: =F21/$C$7 -> 2.20× | I21: =F21/$C$9 -> 0.53× | J21: =IF(I21>=1,"CÓ","KHÔNG") -> KHÔNG | K21: =$C$7/F21 -> 46% | L21: =$C$8/F21 -> 142% | M21: =$C$10/F21 -> 12%
A22: 5 | B22: Đồi Trọc | C22: =CONSTANTS!$D$78 -> 440 | D22: =SUMIFS(CALC!$O$57:$O$149,CALC!$A$57:$A$149,$A22) -> 1,329 | E22: =SUMIFS(CALC!$N$57:$N$149,CALC!$A$57:$A$149,$A22) -> 900 | F22: =C22+D22+E22 -> 2,669 | G22: =F22/$C$6 -> 6.35× | H22: =F22/$C$7 -> 2.38× | I22: =F22/$C$9 -> 0.58× | J22: =IF(I22>=1,"CÓ","KHÔNG") -> KHÔNG | K22: =$C$7/F22 -> 42% | L22: =$C$8/F22 -> 131% | M22: =$C$10/F22 -> 11%
A23: 6 | B23: Rừng Tre Khô | C23: =CONSTANTS!$D$79 -> 440 | D23: =SUMIFS(CALC!$O$57:$O$149,CALC!$A$57:$A$149,$A23) -> 1,578 | E23: =SUMIFS(CALC!$N$57:$N$149,CALC!$A$57:$A$149,$A23) -> 600 | F23: =C23+D23+E23 -> 2,618 | G23: =F23/$C$6 -> 6.23× | H23: =F23/$C$7 -> 2.34× | I23: =F23/$C$9 -> 0.57× | J23: =IF(I23>=1,"CÓ","KHÔNG") -> KHÔNG | K23: =$C$7/F23 -> 43% | L23: =$C$8/F23 -> 134% | M23: =$C$10/F23 -> 11%
A24: 7 | B24: Vách Đá Vàng | C24: =CONSTANTS!$D$80 -> 440 | D24: =SUMIFS(CALC!$O$57:$O$149,CALC!$A$57:$A$149,$A24) -> 1,889 | E24: =SUMIFS(CALC!$N$57:$N$149,CALC!$A$57:$A$149,$A24) -> 800 | F24: =C24+D24+E24 -> 3,129 | G24: =F24/$C$6 -> 7.45× | H24: =F24/$C$7 -> 2.79× | I24: =F24/$C$9 -> 0.68× | J24: =IF(I24>=1,"CÓ","KHÔNG") -> KHÔNG | K24: =$C$7/F24 -> 36% | L24: =$C$8/F24 -> 112% | M24: =$C$10/F24 -> 10%
A25: 8 | B25: Vực Gió | C25: =CONSTANTS!$D$81 -> 440 | D25: =SUMIFS(CALC!$O$57:$O$149,CALC!$A$57:$A$149,$A25) -> 2,114 | E25: =SUMIFS(CALC!$N$57:$N$149,CALC!$A$57:$A$149,$A25) -> 800 | F25: =C25+D25+E25 -> 3,354 | G25: =F25/$C$6 -> 7.99× | H25: =F25/$C$7 -> 2.99× | I25: =F25/$C$9 -> 0.73× | J25: =IF(I25>=1,"CÓ","KHÔNG") -> KHÔNG | K25: =$C$7/F25 -> 33% | L25: =$C$8/F25 -> 104% | M25: =$C$10/F25 -> 9%
A26: 9 | B26: Động Khảm | C26: =CONSTANTS!$D$82 -> 440 | D26: =SUMIFS(CALC!$O$57:$O$149,CALC!$A$57:$A$149,$A26) -> 1,244 | E26: =SUMIFS(CALC!$N$57:$N$149,CALC!$A$57:$A$149,$A26) -> 700 | F26: =C26+D26+E26 -> 2,384 | G26: =F26/$C$6 -> 5.68× | H26: =F26/$C$7 -> 2.13× | I26: =F26/$C$9 -> 0.52× | J26: =IF(I26>=1,"CÓ","KHÔNG") -> KHÔNG | K26: =$C$7/F26 -> 47% | L26: =$C$8/F26 -> 147% | M26: =$C$10/F26 -> 13%
A27: 10 | B27: Rừng Cấm | C27: =CONSTANTS!$D$83 -> 440 | D27: =SUMIFS(CALC!$O$57:$O$149,CALC!$A$57:$A$149,$A27) -> 2,324 | E27: =SUMIFS(CALC!$N$57:$N$149,CALC!$A$57:$A$149,$A27) -> 800 | F27: =C27+D27+E27 -> 3,564 | G27: =F27/$C$6 -> 8.49× | H27: =F27/$C$7 -> 3.18× | I27: =F27/$C$9 -> 0.77× | J27: =IF(I27>=1,"CÓ","KHÔNG") -> KHÔNG | K27: =$C$7/F27 -> 31% | L27: =$C$8/F27 -> 98% | M27: =$C$10/F27 -> 8%
B28: TỔNG 10 MÀN | F28: =SUM(F18:F27) -> 25,792
A30: 3 · TIỀN VÀO LÚC NÀO — cộng dồn theo wave
A31: Hàng = wave, cột = màn. Ô = tổng vàng đã có ở cuối wave đó (start gold + kill + clear cộng dồn). Dùng để biết mốc nào chạm được ở wave nào.
A32: Wave | B32: Màn 1 | C32: Màn 2 | D32: Màn 3 | E32: Màn 4 | F32: Màn 5 | G32: Màn 6 | H32: Màn 7 | I32: Màn 8 | J32: Màn 9 | K32: Màn 10
A33: 1 | B33: =IF(COUNTIFS(CALC!$A$57:$A$149,1,CALC!$C$57:$C$149,"<="&$A33)=0,"",CONSTANTS!$D$74+SUMIFS(CALC!$O$57:$O$149,CALC!$A$57:$A$149,1,CALC!$C$57:$C$149,"<="&$A33)+SUMIFS(CALC!$N$57:$N$149,CALC!$A$57:$A$149,1,CALC!$C$57:$C$149,"<="&$A33)) -> 480 | C33: =IF(COUNTIFS(CALC!$A$57:$A$149,2,CALC!$C$57:$C$149,"<="&$A33)=0,"",CONSTANTS!$D$75+SUMIFS(CALC!$O$57:$O$149,CALC!$A$57:$A$149,2,CALC!$C$57:$C$149,"<="&$A33)+SUMIFS(CALC!$N$57:$N$149,CALC!$A$57:$A$149,2,CALC!$C$57:$C$149,"<="&$A33)) -> 490 | D33: =IF(COUNTIFS(CALC!$A$57:$A$149,3,CALC!$C$57:$C$149,"<="&$A33)=0,"",CONSTANTS!$D$76+SUMIFS(CALC!$O$57:$O$149,CALC!$A$57:$A$149,3,CALC!$C$57:$C$149,"<="&$A33)+SUMIFS(CALC!$N$57:$N$149,CALC!$A$57:$A$149,3,CALC!$C$57:$C$149,"<="&$A33)) -> 490 | E33: =IF(COUNTIFS(CALC!$A$57:$A$149,4,CALC!$C$57:$C$149,"<="&$A33)=0,"",CONSTANTS!$D$77+SUMIFS(CALC!$O$57:$O$149,CALC!$A$57:$A$149,4,CALC!$C$57:$C$149,"<="&$A33)+SUMIFS(CALC!$N$57:$N$149,CALC!$A$57:$A$149,4,CALC!$C$57:$C$149,"<="&$A33)) -> 500 | F33: =IF(COUNTIFS(CALC!$A$57:$A$149,5,CALC!$C$57:$C$149,"<="&$A33)=0,"",CONSTANTS!$D$78+SUMIFS(CALC!$O$57:$O$149,CALC!$A$57:$A$149,5,CALC!$C$57:$C$149,"<="&$A33)+SUMIFS(CALC!$N$57:$N$149,CALC!$A$57:$A$149,5,CALC!$C$57:$C$149,"<="&$A33)) -> 500 | G33: =IF(COUNTIFS(CALC!$A$57:$A$149,6,CALC!$C$57:$C$149,"<="&$A33)=0,"",CONSTANTS!$D$79+SUMIFS(CALC!$O$57:$O$149,CALC!$A$57:$A$149,6,CALC!$C$57:$C$149,"<="&$A33)+SUMIFS(CALC!$N$57:$N$149,CALC!$A$57:$A$149,6,CALC!$C$57:$C$149,"<="&$A33)) -> 500 | H33: =IF(COUNTIFS(CALC!$A$57:$A$149,7,CALC!$C$57:$C$149,"<="&$A33)=0,"",CONSTANTS!$D$80+SUMIFS(CALC!$O$57:$O$149,CALC!$A$57:$A$149,7,CALC!$C$57:$C$149,"<="&$A33)+SUMIFS(CALC!$N$57:$N$149,CALC!$A$57:$A$149,7,CALC!$C$57:$C$149,"<="&$A33)) -> 710 | I33: =IF(COUNTIFS(CALC!$A$57:$A$149,8,CALC!$C$57:$C$149,"<="&$A33)=0,"",CONSTANTS!$D$81+SUMIFS(CALC!$O$57:$O$149,CALC!$A$57:$A$149,8,CALC!$C$57:$C$149,"<="&$A33)+SUMIFS(CALC!$N$57:$N$149,CALC!$A$57:$A$149,8,CALC!$C$57:$C$149,"<="&$A33)) -> 615 | J33: =IF(COUNTIFS(CALC!$A$57:$A$149,9,CALC!$C$57:$C$149,"<="&$A33)=0,"",CONSTANTS!$D$82+SUMIFS(CALC!$O$57:$O$149,CALC!$A$57:$A$149,9,CALC!$C$57:$C$149,"<="&$A33)+SUMIFS(CALC!$N$57:$N$149,CALC!$A$57:$A$149,9,CALC!$C$57:$C$149,"<="&$A33)) -> 490 | K33: =IF(COUNTIFS(CALC!$A$57:$A$149,10,CALC!$C$57:$C$149,"<="&$A33)=0,"",CONSTANTS!$D$83+SUMIFS(CALC!$O$57:$O$149,CALC!$A$57:$A$149,10,CALC!$C$57:$C$149,"<="&$A33)+SUMIFS(CALC!$N$57:$N$149,CALC!$A$57:$A$149,10,CALC!$C$57:$C$149,"<="&$A33)) -> 861
A34: 2 | B34: =IF(COUNTIFS(CALC!$A$57:$A$149,1,CALC!$C$57:$C$149,"<="&$A34)=0,"",CONSTANTS!$D$74+SUMIFS(CALC!$O$57:$O$149,CALC!$A$57:$A$149,1,CALC!$C$57:$C$149,"<="&$A34)+SUMIFS(CALC!$N$57:$N$149,CALC!$A$57:$A$149,1,CALC!$C$57:$C$149,"<="&$A34)) -> 538 | C34: =IF(COUNTIFS(CALC!$A$57:$A$149,2,CALC!$C$57:$C$149,"<="&$A34)=0,"",CONSTANTS!$D$75+SUMIFS(CALC!$O$57:$O$149,CALC!$A$57:$A$149,2,CALC!$C$57:$C$149,"<="&$A34)+SUMIFS(CALC!$N$57:$N$149,CALC!$A$57:$A$149,2,CALC!$C$57:$C$149,"<="&$A34)) -> 550 | D34: =IF(COUNTIFS(CALC!$A$57:$A$149,3,CALC!$C$57:$C$149,"<="&$A34)=0,"",CONSTANTS!$D$76+SUMIFS(CALC!$O$57:$O$149,CALC!$A$57:$A$149,3,CALC!$C$57:$C$149,"<="&$A34)+SUMIFS(CALC!$N$57:$N$149,CALC!$A$57:$A$149,3,CALC!$C$57:$C$149,"<="&$A34)) -> 570 | E34: =IF(COUNTIFS(CALC!$A$57:$A$149,4,CALC!$C$57:$C$149,"<="&$A34)=0,"",CONSTANTS!$D$77+SUMIFS(CALC!$O$57:$O$149,CALC!$A$57:$A$149,4,CALC!$C$57:$C$149,"<="&$A34)+SUMIFS(CALC!$N$57:$N$149,CALC!$A$57:$A$149,4,CALC!$C$57:$C$149,"<="&$A34)) -> 588 | F34: =IF(COUNTIFS(CALC!$A$57:$A$149,5,CALC!$C$57:$C$149,"<="&$A34)=0,"",CONSTANTS!$D$78+SUMIFS(CALC!$O$57:$O$149,CALC!$A$57:$A$149,5,CALC!$C$57:$C$149,"<="&$A34)+SUMIFS(CALC!$N$57:$N$149,CALC!$A$57:$A$149,5,CALC!$C$57:$C$149,"<="&$A34)) -> 608 | G34: =IF(COUNTIFS(CALC!$A$57:$A$149,6,CALC!$C$57:$C$149,"<="&$A34)=0,"",CONSTANTS!$D$79+SUMIFS(CALC!$O$57:$O$149,CALC!$A$57:$A$149,6,CALC!$C$57:$C$149,"<="&$A34)+SUMIFS(CALC!$N$57:$N$149,CALC!$A$57:$A$149,6,CALC!$C$57:$C$149,"<="&$A34)) -> 678 | H34: =IF(COUNTIFS(CALC!$A$57:$A$149,7,CALC!$C$57:$C$149,"<="&$A34)=0,"",CONSTANTS!$D$80+SUMIFS(CALC!$O$57:$O$149,CALC!$A$57:$A$149,7,CALC!$C$57:$C$149,"<="&$A34)+SUMIFS(CALC!$N$57:$N$149,CALC!$A$57:$A$149,7,CALC!$C$57:$C$149,"<="&$A34)) -> 918 | I34: =IF(COUNTIFS(CALC!$A$57:$A$149,8,CALC!$C$57:$C$149,"<="&$A34)=0,"",CONSTANTS!$D$81+SUMIFS(CALC!$O$57:$O$149,CALC!$A$57:$A$149,8,CALC!$C$57:$C$149,"<="&$A34)+SUMIFS(CALC!$N$57:$N$149,CALC!$A$57:$A$149,8,CALC!$C$57:$C$149,"<="&$A34)) -> 828 | J34: =IF(COUNTIFS(CALC!$A$57:$A$149,9,CALC!$C$57:$C$149,"<="&$A34)=0,"",CONSTANTS!$D$82+SUMIFS(CALC!$O$57:$O$149,CALC!$A$57:$A$149,9,CALC!$C$57:$C$149,"<="&$A34)+SUMIFS(CALC!$N$57:$N$149,CALC!$A$57:$A$149,9,CALC!$C$57:$C$149,"<="&$A34)) -> 698 | K34: =IF(COUNTIFS(CALC!$A$57:$A$149,10,CALC!$C$57:$C$149,"<="&$A34)=0,"",CONSTANTS!$D$83+SUMIFS(CALC!$O$57:$O$149,CALC!$A$57:$A$149,10,CALC!$C$57:$C$149,"<="&$A34)+SUMIFS(CALC!$N$57:$N$149,CALC!$A$57:$A$149,10,CALC!$C$57:$C$149,"<="&$A34)) -> 1,139
A35: 3 | B35: =IF(COUNTIFS(CALC!$A$57:$A$149,1,CALC!$C$57:$C$149,"<="&$A35)=0,"",CONSTANTS!$D$74+SUMIFS(CALC!$O$57:$O$149,CALC!$A$57:$A$149,1,CALC!$C$57:$C$149,"<="&$A35)+SUMIFS(CALC!$N$57:$N$149,CALC!$A$57:$A$149,1,CALC!$C$57:$C$149,"<="&$A35)) -> 704 | C35: =IF(COUNTIFS(CALC!$A$57:$A$149,2,CALC!$C$57:$C$149,"<="&$A35)=0,"",CONSTANTS!$D$75+SUMIFS(CALC!$O$57:$O$149,CALC!$A$57:$A$149,2,CALC!$C$57:$C$149,"<="&$A35)+SUMIFS(CALC!$N$57:$N$149,CALC!$A$57:$A$149,2,CALC!$C$57:$C$149,"<="&$A35)) -> 744 | D35: =IF(COUNTIFS(CALC!$A$57:$A$149,3,CALC!$C$57:$C$149,"<="&$A35)=0,"",CONSTANTS!$D$76+SUMIFS(CALC!$O$57:$O$149,CALC!$A$57:$A$149,3,CALC!$C$57:$C$149,"<="&$A35)+SUMIFS(CALC!$N$57:$N$149,CALC!$A$57:$A$149,3,CALC!$C$57:$C$149,"<="&$A35)) -> 802 | E35: =IF(COUNTIFS(CALC!$A$57:$A$149,4,CALC!$C$57:$C$149,"<="&$A35)=0,"",CONSTANTS!$D$77+SUMIFS(CALC!$O$57:$O$149,CALC!$A$57:$A$149,4,CALC!$C$57:$C$149,"<="&$A35)+SUMIFS(CALC!$N$57:$N$149,CALC!$A$57:$A$149,4,CALC!$C$57:$C$149,"<="&$A35)) -> 882 | F35: =IF(COUNTIFS(CALC!$A$57:$A$149,5,CALC!$C$57:$C$149,"<="&$A35)=0,"",CONSTANTS!$D$78+SUMIFS(CALC!$O$57:$O$149,CALC!$A$57:$A$149,5,CALC!$C$57:$C$149,"<="&$A35)+SUMIFS(CALC!$N$57:$N$149,CALC!$A$57:$A$149,5,CALC!$C$57:$C$149,"<="&$A35)) -> 844 | G35: =IF(COUNTIFS(CALC!$A$57:$A$149,6,CALC!$C$57:$C$149,"<="&$A35)=0,"",CONSTANTS!$D$79+SUMIFS(CALC!$O$57:$O$149,CALC!$A$57:$A$149,6,CALC!$C$57:$C$149,"<="&$A35)+SUMIFS(CALC!$N$57:$N$149,CALC!$A$57:$A$149,6,CALC!$C$57:$C$149,"<="&$A35)) -> 1,118 | H35: =IF(COUNTIFS(CALC!$A$57:$A$149,7,CALC!$C$57:$C$149,"<="&$A35)=0,"",CONSTANTS!$D$80+SUMIFS(CALC!$O$57:$O$149,CALC!$A$57:$A$149,7,CALC!$C$57:$C$149,"<="&$A35)+SUMIFS(CALC!$N$57:$N$149,CALC!$A$57:$A$149,7,CALC!$C$57:$C$149,"<="&$A35)) -> 1,399 | I35: =IF(COUNTIFS(CALC!$A$57:$A$149,8,CALC!$C$57:$C$149,"<="&$A35)=0,"",CONSTANTS!$D$81+SUMIFS(CALC!$O$57:$O$149,CALC!$A$57:$A$149,8,CALC!$C$57:$C$149,"<="&$A35)+SUMIFS(CALC!$N$57:$N$149,CALC!$A$57:$A$149,8,CALC!$C$57:$C$149,"<="&$A35)) -> 1,189 | J35: =IF(COUNTIFS(CALC!$A$57:$A$149,9,CALC!$C$57:$C$149,"<="&$A35)=0,"",CONSTANTS!$D$82+SUMIFS(CALC!$O$57:$O$149,CALC!$A$57:$A$149,9,CALC!$C$57:$C$149,"<="&$A35)+SUMIFS(CALC!$N$57:$N$149,CALC!$A$57:$A$149,9,CALC!$C$57:$C$149,"<="&$A35)) -> 1,120 | K35: =IF(COUNTIFS(CALC!$A$57:$A$149,10,CALC!$C$57:$C$149,"<="&$A35)=0,"",CONSTANTS!$D$83+SUMIFS(CALC!$O$57:$O$149,CALC!$A$57:$A$149,10,CALC!$C$57:$C$149,"<="&$A35)+SUMIFS(CALC!$N$57:$N$149,CALC!$A$57:$A$149,10,CALC!$C$57:$C$149,"<="&$A35)) -> 1,579
A36: 4 | B36: =IF(COUNTIFS(CALC!$A$57:$A$149,1,CALC!$C$57:$C$149,"<="&$A36)=0,"",CONSTANTS!$D$74+SUMIFS(CALC!$O$57:$O$149,CALC!$A$57:$A$149,1,CALC!$C$57:$C$149,"<="&$A36)+SUMIFS(CALC!$N$57:$N$149,CALC!$A$57:$A$149,1,CALC!$C$57:$C$149,"<="&$A36)) -> 874 | C36: =IF(COUNTIFS(CALC!$A$57:$A$149,2,CALC!$C$57:$C$149,"<="&$A36)=0,"",CONSTANTS!$D$75+SUMIFS(CALC!$O$57:$O$149,CALC!$A$57:$A$149,2,CALC!$C$57:$C$149,"<="&$A36)+SUMIFS(CALC!$N$57:$N$149,CALC!$A$57:$A$149,2,CALC!$C$57:$C$149,"<="&$A36)) -> 854 | D36: =IF(COUNTIFS(CALC!$A$57:$A$149,3,CALC!$C$57:$C$149,"<="&$A36)=0,"",CONSTANTS!$D$76+SUMIFS(CALC!$O$57:$O$149,CALC!$A$57:$A$149,3,CALC!$C$57:$C$149,"<="&$A36)+SUMIFS(CALC!$N$57:$N$149,CALC!$A$57:$A$149,3,CALC!$C$57:$C$149,"<="&$A36)) -> 924 | E36: =IF(COUNTIFS(CALC!$A$57:$A$149,4,CALC!$C$57:$C$149,"<="&$A36)=0,"",CONSTANTS!$D$77+SUMIFS(CALC!$O$57:$O$149,CALC!$A$57:$A$149,4,CALC!$C$57:$C$149,"<="&$A36)+SUMIFS(CALC!$N$57:$N$149,CALC!$A$57:$A$149,4,CALC!$C$57:$C$149,"<="&$A36)) -> 996 | F36: =IF(COUNTIFS(CALC!$A$57:$A$149,5,CALC!$C$57:$C$149,"<="&$A36)=0,"",CONSTANTS!$D$78+SUMIFS(CALC!$O$57:$O$149,CALC!$A$57:$A$149,5,CALC!$C$57:$C$149,"<="&$A36)+SUMIFS(CALC!$N$57:$N$149,CALC!$A$57:$A$149,5,CALC!$C$57:$C$149,"<="&$A36)) -> 1,068 | G36: =IF(COUNTIFS(CALC!$A$57:$A$149,6,CALC!$C$57:$C$149,"<="&$A36)=0,"",CONSTANTS!$D$79+SUMIFS(CALC!$O$57:$O$149,CALC!$A$57:$A$149,6,CALC!$C$57:$C$149,"<="&$A36)+SUMIFS(CALC!$N$57:$N$149,CALC!$A$57:$A$149,6,CALC!$C$57:$C$149,"<="&$A36)) -> 1,214 | H36: =IF(COUNTIFS(CALC!$A$57:$A$149,7,CALC!$C$57:$C$149,"<="&$A36)=0,"",CONSTANTS!$D$80+SUMIFS(CALC!$O$57:$O$149,CALC!$A$57:$A$149,7,CALC!$C$57:$C$149,"<="&$A36)+SUMIFS(CALC!$N$57:$N$149,CALC!$A$57:$A$149,7,CALC!$C$57:$C$149,"<="&$A36)) -> 1,639 | I36: =IF(COUNTIFS(CALC!$A$57:$A$149,8,CALC!$C$57:$C$149,"<="&$A36)=0,"",CONSTANTS!$D$81+SUMIFS(CALC!$O$57:$O$149,CALC!$A$57:$A$149,8,CALC!$C$57:$C$149,"<="&$A36)+SUMIFS(CALC!$N$57:$N$149,CALC!$A$57:$A$149,8,CALC!$C$57:$C$149,"<="&$A36)) -> 1,394 | J36: =IF(COUNTIFS(CALC!$A$57:$A$149,9,CALC!$C$57:$C$149,"<="&$A36)=0,"",CONSTANTS!$D$82+SUMIFS(CALC!$O$57:$O$149,CALC!$A$57:$A$149,9,CALC!$C$57:$C$149,"<="&$A36)+SUMIFS(CALC!$N$57:$N$149,CALC!$A$57:$A$149,9,CALC!$C$57:$C$149,"<="&$A36)) -> 1,254 | K36: =IF(COUNTIFS(CALC!$A$57:$A$149,10,CALC!$C$57:$C$149,"<="&$A36)=0,"",CONSTANTS!$D$83+SUMIFS(CALC!$O$57:$O$149,CALC!$A$57:$A$149,10,CALC!$C$57:$C$149,"<="&$A36)+SUMIFS(CALC!$N$57:$N$149,CALC!$A$57:$A$149,10,CALC!$C$57:$C$149,"<="&$A36)) -> 1,953
A37: 5 | B37: =IF(COUNTIFS(CALC!$A$57:$A$149,1,CALC!$C$57:$C$149,"<="&$A37)=0,"",CONSTANTS!$D$74+SUMIFS(CALC!$O$57:$O$149,CALC!$A$57:$A$149,1,CALC!$C$57:$C$149,"<="&$A37)+SUMIFS(CALC!$N$57:$N$149,CALC!$A$57:$A$149,1,CALC!$C$57:$C$149,"<="&$A37)) -> 954 | C37: =IF(COUNTIFS(CALC!$A$57:$A$149,2,CALC!$C$57:$C$149,"<="&$A37)=0,"",CONSTANTS!$D$75+SUMIFS(CALC!$O$57:$O$149,CALC!$A$57:$A$149,2,CALC!$C$57:$C$149,"<="&$A37)+SUMIFS(CALC!$N$57:$N$149,CALC!$A$57:$A$149,2,CALC!$C$57:$C$149,"<="&$A37)) -> 1,074 | D37: =IF(COUNTIFS(CALC!$A$57:$A$149,3,CALC!$C$57:$C$149,"<="&$A37)=0,"",CONSTANTS!$D$76+SUMIFS(CALC!$O$57:$O$149,CALC!$A$57:$A$149,3,CALC!$C$57:$C$149,"<="&$A37)+SUMIFS(CALC!$N$57:$N$149,CALC!$A$57:$A$149,3,CALC!$C$57:$C$149,"<="&$A37)) -> 1,112 | E37: =IF(COUNTIFS(CALC!$A$57:$A$149,4,CALC!$C$57:$C$149,"<="&$A37)=0,"",CONSTANTS!$D$77+SUMIFS(CALC!$O$57:$O$149,CALC!$A$57:$A$149,4,CALC!$C$57:$C$149,"<="&$A37)+SUMIFS(CALC!$N$57:$N$149,CALC!$A$57:$A$149,4,CALC!$C$57:$C$149,"<="&$A37)) -> 1,208 | F37: =IF(COUNTIFS(CALC!$A$57:$A$149,5,CALC!$C$57:$C$149,"<="&$A37)=0,"",CONSTANTS!$D$78+SUMIFS(CALC!$O$57:$O$149,CALC!$A$57:$A$149,5,CALC!$C$57:$C$149,"<="&$A37)+SUMIFS(CALC!$N$57:$N$149,CALC!$A$57:$A$149,5,CALC!$C$57:$C$149,"<="&$A37)) -> 1,256 | G37: =IF(COUNTIFS(CALC!$A$57:$A$149,6,CALC!$C$57:$C$149,"<="&$A37)=0,"",CONSTANTS!$D$79+SUMIFS(CALC!$O$57:$O$149,CALC!$A$57:$A$149,6,CALC!$C$57:$C$149,"<="&$A37)+SUMIFS(CALC!$N$57:$N$149,CALC!$A$57:$A$149,6,CALC!$C$57:$C$149,"<="&$A37)) -> 1,402 | H37: =IF(COUNTIFS(CALC!$A$57:$A$149,7,CALC!$C$57:$C$149,"<="&$A37)=0,"",CONSTANTS!$D$80+SUMIFS(CALC!$O$57:$O$149,CALC!$A$57:$A$149,7,CALC!$C$57:$C$149,"<="&$A37)+SUMIFS(CALC!$N$57:$N$149,CALC!$A$57:$A$149,7,CALC!$C$57:$C$149,"<="&$A37)) -> 1,827 | I37: =IF(COUNTIFS(CALC!$A$57:$A$149,8,CALC!$C$57:$C$149,"<="&$A37)=0,"",CONSTANTS!$D$81+SUMIFS(CALC!$O$57:$O$149,CALC!$A$57:$A$149,8,CALC!$C$57:$C$149,"<="&$A37)+SUMIFS(CALC!$N$57:$N$149,CALC!$A$57:$A$149,8,CALC!$C$57:$C$149,"<="&$A37)) -> 1,764 | J37: =IF(COUNTIFS(CALC!$A$57:$A$149,9,CALC!$C$57:$C$149,"<="&$A37)=0,"",CONSTANTS!$D$82+SUMIFS(CALC!$O$57:$O$149,CALC!$A$57:$A$149,9,CALC!$C$57:$C$149,"<="&$A37)+SUMIFS(CALC!$N$57:$N$149,CALC!$A$57:$A$149,9,CALC!$C$57:$C$149,"<="&$A37)) -> 1,490 | K37: =IF(COUNTIFS(CALC!$A$57:$A$149,10,CALC!$C$57:$C$149,"<="&$A37)=0,"",CONSTANTS!$D$83+SUMIFS(CALC!$O$57:$O$149,CALC!$A$57:$A$149,10,CALC!$C$57:$C$149,"<="&$A37)+SUMIFS(CALC!$N$57:$N$149,CALC!$A$57:$A$149,10,CALC!$C$57:$C$149,"<="&$A37)) -> 2,273
A38: 6 | B38: =IF(COUNTIFS(CALC!$A$57:$A$149,1,CALC!$C$57:$C$149,"<="&$A38)=0,"",CONSTANTS!$D$74+SUMIFS(CALC!$O$57:$O$149,CALC!$A$57:$A$149,1,CALC!$C$57:$C$149,"<="&$A38)+SUMIFS(CALC!$N$57:$N$149,CALC!$A$57:$A$149,1,CALC!$C$57:$C$149,"<="&$A38)) -> 1,160 | C38: =IF(COUNTIFS(CALC!$A$57:$A$149,2,CALC!$C$57:$C$149,"<="&$A38)=0,"",CONSTANTS!$D$75+SUMIFS(CALC!$O$57:$O$149,CALC!$A$57:$A$149,2,CALC!$C$57:$C$149,"<="&$A38)+SUMIFS(CALC!$N$57:$N$149,CALC!$A$57:$A$149,2,CALC!$C$57:$C$149,"<="&$A38)) -> 1,208 | D38: =IF(COUNTIFS(CALC!$A$57:$A$149,3,CALC!$C$57:$C$149,"<="&$A38)=0,"",CONSTANTS!$D$76+SUMIFS(CALC!$O$57:$O$149,CALC!$A$57:$A$149,3,CALC!$C$57:$C$149,"<="&$A38)+SUMIFS(CALC!$N$57:$N$149,CALC!$A$57:$A$149,3,CALC!$C$57:$C$149,"<="&$A38)) -> 1,202 | E38: =IF(COUNTIFS(CALC!$A$57:$A$149,4,CALC!$C$57:$C$149,"<="&$A38)=0,"",CONSTANTS!$D$77+SUMIFS(CALC!$O$57:$O$149,CALC!$A$57:$A$149,4,CALC!$C$57:$C$149,"<="&$A38)+SUMIFS(CALC!$N$57:$N$149,CALC!$A$57:$A$149,4,CALC!$C$57:$C$149,"<="&$A38)) -> 1,350 | F38: =IF(COUNTIFS(CALC!$A$57:$A$149,5,CALC!$C$57:$C$149,"<="&$A38)=0,"",CONSTANTS!$D$78+SUMIFS(CALC!$O$57:$O$149,CALC!$A$57:$A$149,5,CALC!$C$57:$C$149,"<="&$A38)+SUMIFS(CALC!$N$57:$N$149,CALC!$A$57:$A$149,5,CALC!$C$57:$C$149,"<="&$A38)) -> 1,498 | G38: =IF(COUNTIFS(CALC!$A$57:$A$149,6,CALC!$C$57:$C$149,"<="&$A38)=0,"",CONSTANTS!$D$79+SUMIFS(CALC!$O$57:$O$149,CALC!$A$57:$A$149,6,CALC!$C$57:$C$149,"<="&$A38)+SUMIFS(CALC!$N$57:$N$149,CALC!$A$57:$A$149,6,CALC!$C$57:$C$149,"<="&$A38)) -> 1,586 | H38: =IF(COUNTIFS(CALC!$A$57:$A$149,7,CALC!$C$57:$C$149,"<="&$A38)=0,"",CONSTANTS!$D$80+SUMIFS(CALC!$O$57:$O$149,CALC!$A$57:$A$149,7,CALC!$C$57:$C$149,"<="&$A38)+SUMIFS(CALC!$N$57:$N$149,CALC!$A$57:$A$149,7,CALC!$C$57:$C$149,"<="&$A38)) -> 1,987 | I38: =IF(COUNTIFS(CALC!$A$57:$A$149,8,CALC!$C$57:$C$149,"<="&$A38)=0,"",CONSTANTS!$D$81+SUMIFS(CALC!$O$57:$O$149,CALC!$A$57:$A$149,8,CALC!$C$57:$C$149,"<="&$A38)+SUMIFS(CALC!$N$57:$N$149,CALC!$A$57:$A$149,8,CALC!$C$57:$C$149,"<="&$A38)) -> 1,974 | J38: =IF(COUNTIFS(CALC!$A$57:$A$149,9,CALC!$C$57:$C$149,"<="&$A38)=0,"",CONSTANTS!$D$82+SUMIFS(CALC!$O$57:$O$149,CALC!$A$57:$A$149,9,CALC!$C$57:$C$149,"<="&$A38)+SUMIFS(CALC!$N$57:$N$149,CALC!$A$57:$A$149,9,CALC!$C$57:$C$149,"<="&$A38)) -> 2,134 | K38: =IF(COUNTIFS(CALC!$A$57:$A$149,10,CALC!$C$57:$C$149,"<="&$A38)=0,"",CONSTANTS!$D$83+SUMIFS(CALC!$O$57:$O$149,CALC!$A$57:$A$149,10,CALC!$C$57:$C$149,"<="&$A38)+SUMIFS(CALC!$N$57:$N$149,CALC!$A$57:$A$149,10,CALC!$C$57:$C$149,"<="&$A38)) -> 2,633
A39: 7 | B39: =IF(COUNTIFS(CALC!$A$57:$A$149,1,CALC!$C$57:$C$149,"<="&$A39)=0,"",CONSTANTS!$D$74+SUMIFS(CALC!$O$57:$O$149,CALC!$A$57:$A$149,1,CALC!$C$57:$C$149,"<="&$A39)+SUMIFS(CALC!$N$57:$N$149,CALC!$A$57:$A$149,1,CALC!$C$57:$C$149,"<="&$A39)) -> 1,497 | C39: =IF(COUNTIFS(CALC!$A$57:$A$149,2,CALC!$C$57:$C$149,"<="&$A39)=0,"",CONSTANTS!$D$75+SUMIFS(CALC!$O$57:$O$149,CALC!$A$57:$A$149,2,CALC!$C$57:$C$149,"<="&$A39)+SUMIFS(CALC!$N$57:$N$149,CALC!$A$57:$A$149,2,CALC!$C$57:$C$149,"<="&$A39)) -> 1,542 | D39: =IF(COUNTIFS(CALC!$A$57:$A$149,3,CALC!$C$57:$C$149,"<="&$A39)=0,"",CONSTANTS!$D$76+SUMIFS(CALC!$O$57:$O$149,CALC!$A$57:$A$149,3,CALC!$C$57:$C$149,"<="&$A39)+SUMIFS(CALC!$N$57:$N$149,CALC!$A$57:$A$149,3,CALC!$C$57:$C$149,"<="&$A39)) -> 1,466 | E39: =IF(COUNTIFS(CALC!$A$57:$A$149,4,CALC!$C$57:$C$149,"<="&$A39)=0,"",CONSTANTS!$D$77+SUMIFS(CALC!$O$57:$O$149,CALC!$A$57:$A$149,4,CALC!$C$57:$C$149,"<="&$A39)+SUMIFS(CALC!$N$57:$N$149,CALC!$A$57:$A$149,4,CALC!$C$57:$C$149,"<="&$A39)) -> 1,538 | F39: =IF(COUNTIFS(CALC!$A$57:$A$149,5,CALC!$C$57:$C$149,"<="&$A39)=0,"",CONSTANTS!$D$78+SUMIFS(CALC!$O$57:$O$149,CALC!$A$57:$A$149,5,CALC!$C$57:$C$149,"<="&$A39)+SUMIFS(CALC!$N$57:$N$149,CALC!$A$57:$A$149,5,CALC!$C$57:$C$149,"<="&$A39)) -> 1,798 | G39: =IF(COUNTIFS(CALC!$A$57:$A$149,6,CALC!$C$57:$C$149,"<="&$A39)=0,"",CONSTANTS!$D$79+SUMIFS(CALC!$O$57:$O$149,CALC!$A$57:$A$149,6,CALC!$C$57:$C$149,"<="&$A39)+SUMIFS(CALC!$N$57:$N$149,CALC!$A$57:$A$149,6,CALC!$C$57:$C$149,"<="&$A39)) -> 1,846 | H39: =IF(COUNTIFS(CALC!$A$57:$A$149,7,CALC!$C$57:$C$149,"<="&$A39)=0,"",CONSTANTS!$D$80+SUMIFS(CALC!$O$57:$O$149,CALC!$A$57:$A$149,7,CALC!$C$57:$C$149,"<="&$A39)+SUMIFS(CALC!$N$57:$N$149,CALC!$A$57:$A$149,7,CALC!$C$57:$C$149,"<="&$A39)) -> 2,261 | I39: =IF(COUNTIFS(CALC!$A$57:$A$149,8,CALC!$C$57:$C$149,"<="&$A39)=0,"",CONSTANTS!$D$81+SUMIFS(CALC!$O$57:$O$149,CALC!$A$57:$A$149,8,CALC!$C$57:$C$149,"<="&$A39)+SUMIFS(CALC!$N$57:$N$149,CALC!$A$57:$A$149,8,CALC!$C$57:$C$149,"<="&$A39)) -> 2,299 | J39: =IF(COUNTIFS(CALC!$A$57:$A$149,9,CALC!$C$57:$C$149,"<="&$A39)=0,"",CONSTANTS!$D$82+SUMIFS(CALC!$O$57:$O$149,CALC!$A$57:$A$149,9,CALC!$C$57:$C$149,"<="&$A39)+SUMIFS(CALC!$N$57:$N$149,CALC!$A$57:$A$149,9,CALC!$C$57:$C$149,"<="&$A39)) -> 2,384 | K39: =IF(COUNTIFS(CALC!$A$57:$A$149,10,CALC!$C$57:$C$149,"<="&$A39)=0,"",CONSTANTS!$D$83+SUMIFS(CALC!$O$57:$O$149,CALC!$A$57:$A$149,10,CALC!$C$57:$C$149,"<="&$A39)+SUMIFS(CALC!$N$57:$N$149,CALC!$A$57:$A$149,10,CALC!$C$57:$C$149,"<="&$A39)) -> 2,967
A40: 8 | B40: =IF(COUNTIFS(CALC!$A$57:$A$149,1,CALC!$C$57:$C$149,"<="&$A40)=0,"",CONSTANTS!$D$74+SUMIFS(CALC!$O$57:$O$149,CALC!$A$57:$A$149,1,CALC!$C$57:$C$149,"<="&$A40)+SUMIFS(CALC!$N$57:$N$149,CALC!$A$57:$A$149,1,CALC!$C$57:$C$149,"<="&$A40)) -> 1,641 | C40: =IF(COUNTIFS(CALC!$A$57:$A$149,2,CALC!$C$57:$C$149,"<="&$A40)=0,"",CONSTANTS!$D$75+SUMIFS(CALC!$O$57:$O$149,CALC!$A$57:$A$149,2,CALC!$C$57:$C$149,"<="&$A40)+SUMIFS(CALC!$N$57:$N$149,CALC!$A$57:$A$149,2,CALC!$C$57:$C$149,"<="&$A40)) -> 1,686 | D40: =IF(COUNTIFS(CALC!$A$57:$A$149,3,CALC!$C$57:$C$149,"<="&$A40)=0,"",CONSTANTS!$D$76+SUMIFS(CALC!$O$57:$O$149,CALC!$A$57:$A$149,3,CALC!$C$57:$C$149,"<="&$A40)+SUMIFS(CALC!$N$57:$N$149,CALC!$A$57:$A$149,3,CALC!$C$57:$C$149,"<="&$A40)) -> 1,718 | E40: =IF(COUNTIFS(CALC!$A$57:$A$149,4,CALC!$C$57:$C$149,"<="&$A40)=0,"",CONSTANTS!$D$77+SUMIFS(CALC!$O$57:$O$149,CALC!$A$57:$A$149,4,CALC!$C$57:$C$149,"<="&$A40)+SUMIFS(CALC!$N$57:$N$149,CALC!$A$57:$A$149,4,CALC!$C$57:$C$149,"<="&$A40)) -> 1,790 | F40: =IF(COUNTIFS(CALC!$A$57:$A$149,5,CALC!$C$57:$C$149,"<="&$A40)=0,"",CONSTANTS!$D$78+SUMIFS(CALC!$O$57:$O$149,CALC!$A$57:$A$149,5,CALC!$C$57:$C$149,"<="&$A40)+SUMIFS(CALC!$N$57:$N$149,CALC!$A$57:$A$149,5,CALC!$C$57:$C$149,"<="&$A40)) -> 2,050 | G40: =IF(COUNTIFS(CALC!$A$57:$A$149,6,CALC!$C$57:$C$149,"<="&$A40)=0,"",CONSTANTS!$D$79+SUMIFS(CALC!$O$57:$O$149,CALC!$A$57:$A$149,6,CALC!$C$57:$C$149,"<="&$A40)+SUMIFS(CALC!$N$57:$N$149,CALC!$A$57:$A$149,6,CALC!$C$57:$C$149,"<="&$A40)) -> 2,060 | H40: =IF(COUNTIFS(CALC!$A$57:$A$149,7,CALC!$C$57:$C$149,"<="&$A40)=0,"",CONSTANTS!$D$80+SUMIFS(CALC!$O$57:$O$149,CALC!$A$57:$A$149,7,CALC!$C$57:$C$149,"<="&$A40)+SUMIFS(CALC!$N$57:$N$149,CALC!$A$57:$A$149,7,CALC!$C$57:$C$149,"<="&$A40)) -> 2,523 | I40: =IF(COUNTIFS(CALC!$A$57:$A$149,8,CALC!$C$57:$C$149,"<="&$A40)=0,"",CONSTANTS!$D$81+SUMIFS(CALC!$O$57:$O$149,CALC!$A$57:$A$149,8,CALC!$C$57:$C$149,"<="&$A40)+SUMIFS(CALC!$N$57:$N$149,CALC!$A$57:$A$149,8,CALC!$C$57:$C$149,"<="&$A40)) -> 2,539 | J40: =IF(COUNTIFS(CALC!$A$57:$A$149,9,CALC!$C$57:$C$149,"<="&$A40)=0,"",CONSTANTS!$D$82+SUMIFS(CALC!$O$57:$O$149,CALC!$A$57:$A$149,9,CALC!$C$57:$C$149,"<="&$A40)+SUMIFS(CALC!$N$57:$N$149,CALC!$A$57:$A$149,9,CALC!$C$57:$C$149,"<="&$A40)) -> 2,384 | K40: =IF(COUNTIFS(CALC!$A$57:$A$149,10,CALC!$C$57:$C$149,"<="&$A40)=0,"",CONSTANTS!$D$83+SUMIFS(CALC!$O$57:$O$149,CALC!$A$57:$A$149,10,CALC!$C$57:$C$149,"<="&$A40)+SUMIFS(CALC!$N$57:$N$149,CALC!$A$57:$A$149,10,CALC!$C$57:$C$149,"<="&$A40)) -> 3,193
A41: 9 | B41: =IF(COUNTIFS(CALC!$A$57:$A$149,1,CALC!$C$57:$C$149,"<="&$A41)=0,"",CONSTANTS!$D$74+SUMIFS(CALC!$O$57:$O$149,CALC!$A$57:$A$149,1,CALC!$C$57:$C$149,"<="&$A41)+SUMIFS(CALC!$N$57:$N$149,CALC!$A$57:$A$149,1,CALC!$C$57:$C$149,"<="&$A41)) -> 1,641 | C41: =IF(COUNTIFS(CALC!$A$57:$A$149,2,CALC!$C$57:$C$149,"<="&$A41)=0,"",CONSTANTS!$D$75+SUMIFS(CALC!$O$57:$O$149,CALC!$A$57:$A$149,2,CALC!$C$57:$C$149,"<="&$A41)+SUMIFS(CALC!$N$57:$N$149,CALC!$A$57:$A$149,2,CALC!$C$57:$C$149,"<="&$A41)) -> 1,686 | D41: =IF(COUNTIFS(CALC!$A$57:$A$149,3,CALC!$C$57:$C$149,"<="&$A41)=0,"",CONSTANTS!$D$76+SUMIFS(CALC!$O$57:$O$149,CALC!$A$57:$A$149,3,CALC!$C$57:$C$149,"<="&$A41)+SUMIFS(CALC!$N$57:$N$149,CALC!$A$57:$A$149,3,CALC!$C$57:$C$149,"<="&$A41)) -> 2,046 | E41: =IF(COUNTIFS(CALC!$A$57:$A$149,4,CALC!$C$57:$C$149,"<="&$A41)=0,"",CONSTANTS!$D$77+SUMIFS(CALC!$O$57:$O$149,CALC!$A$57:$A$149,4,CALC!$C$57:$C$149,"<="&$A41)+SUMIFS(CALC!$N$57:$N$149,CALC!$A$57:$A$149,4,CALC!$C$57:$C$149,"<="&$A41)) -> 2,126 | F41: =IF(COUNTIFS(CALC!$A$57:$A$149,5,CALC!$C$57:$C$149,"<="&$A41)=0,"",CONSTANTS!$D$78+SUMIFS(CALC!$O$57:$O$149,CALC!$A$57:$A$149,5,CALC!$C$57:$C$149,"<="&$A41)+SUMIFS(CALC!$N$57:$N$149,CALC!$A$57:$A$149,5,CALC!$C$57:$C$149,"<="&$A41)) -> 2,262 | G41: =IF(COUNTIFS(CALC!$A$57:$A$149,6,CALC!$C$57:$C$149,"<="&$A41)=0,"",CONSTANTS!$D$79+SUMIFS(CALC!$O$57:$O$149,CALC!$A$57:$A$149,6,CALC!$C$57:$C$149,"<="&$A41)+SUMIFS(CALC!$N$57:$N$149,CALC!$A$57:$A$149,6,CALC!$C$57:$C$149,"<="&$A41)) -> 2,426 | H41: =IF(COUNTIFS(CALC!$A$57:$A$149,7,CALC!$C$57:$C$149,"<="&$A41)=0,"",CONSTANTS!$D$80+SUMIFS(CALC!$O$57:$O$149,CALC!$A$57:$A$149,7,CALC!$C$57:$C$149,"<="&$A41)+SUMIFS(CALC!$N$57:$N$149,CALC!$A$57:$A$149,7,CALC!$C$57:$C$149,"<="&$A41)) -> 2,845 | I41: =IF(COUNTIFS(CALC!$A$57:$A$149,8,CALC!$C$57:$C$149,"<="&$A41)=0,"",CONSTANTS!$D$81+SUMIFS(CALC!$O$57:$O$149,CALC!$A$57:$A$149,8,CALC!$C$57:$C$149,"<="&$A41)+SUMIFS(CALC!$N$57:$N$149,CALC!$A$57:$A$149,8,CALC!$C$57:$C$149,"<="&$A41)) -> 2,939 | J41: =IF(COUNTIFS(CALC!$A$57:$A$149,9,CALC!$C$57:$C$149,"<="&$A41)=0,"",CONSTANTS!$D$82+SUMIFS(CALC!$O$57:$O$149,CALC!$A$57:$A$149,9,CALC!$C$57:$C$149,"<="&$A41)+SUMIFS(CALC!$N$57:$N$149,CALC!$A$57:$A$149,9,CALC!$C$57:$C$149,"<="&$A41)) -> 2,384 | K41: =IF(COUNTIFS(CALC!$A$57:$A$149,10,CALC!$C$57:$C$149,"<="&$A41)=0,"",CONSTANTS!$D$83+SUMIFS(CALC!$O$57:$O$149,CALC!$A$57:$A$149,10,CALC!$C$57:$C$149,"<="&$A41)+SUMIFS(CALC!$N$57:$N$149,CALC!$A$57:$A$149,10,CALC!$C$57:$C$149,"<="&$A41)) -> 3,554
A42: 10 | B42: =IF(COUNTIFS(CALC!$A$57:$A$149,1,CALC!$C$57:$C$149,"<="&$A42)=0,"",CONSTANTS!$D$74+SUMIFS(CALC!$O$57:$O$149,CALC!$A$57:$A$149,1,CALC!$C$57:$C$149,"<="&$A42)+SUMIFS(CALC!$N$57:$N$149,CALC!$A$57:$A$149,1,CALC!$C$57:$C$149,"<="&$A42)) -> 1,641 | C42: =IF(COUNTIFS(CALC!$A$57:$A$149,2,CALC!$C$57:$C$149,"<="&$A42)=0,"",CONSTANTS!$D$75+SUMIFS(CALC!$O$57:$O$149,CALC!$A$57:$A$149,2,CALC!$C$57:$C$149,"<="&$A42)+SUMIFS(CALC!$N$57:$N$149,CALC!$A$57:$A$149,2,CALC!$C$57:$C$149,"<="&$A42)) -> 1,686 | D42: =IF(COUNTIFS(CALC!$A$57:$A$149,3,CALC!$C$57:$C$149,"<="&$A42)=0,"",CONSTANTS!$D$76+SUMIFS(CALC!$O$57:$O$149,CALC!$A$57:$A$149,3,CALC!$C$57:$C$149,"<="&$A42)+SUMIFS(CALC!$N$57:$N$149,CALC!$A$57:$A$149,3,CALC!$C$57:$C$149,"<="&$A42)) -> 2,288 | E42: =IF(COUNTIFS(CALC!$A$57:$A$149,4,CALC!$C$57:$C$149,"<="&$A42)=0,"",CONSTANTS!$D$77+SUMIFS(CALC!$O$57:$O$149,CALC!$A$57:$A$149,4,CALC!$C$57:$C$149,"<="&$A42)+SUMIFS(CALC!$N$57:$N$149,CALC!$A$57:$A$149,4,CALC!$C$57:$C$149,"<="&$A42)) -> 2,459 | F42: =IF(COUNTIFS(CALC!$A$57:$A$149,5,CALC!$C$57:$C$149,"<="&$A42)=0,"",CONSTANTS!$D$78+SUMIFS(CALC!$O$57:$O$149,CALC!$A$57:$A$149,5,CALC!$C$57:$C$149,"<="&$A42)+SUMIFS(CALC!$N$57:$N$149,CALC!$A$57:$A$149,5,CALC!$C$57:$C$149,"<="&$A42)) -> 2,669 | G42: =IF(COUNTIFS(CALC!$A$57:$A$149,6,CALC!$C$57:$C$149,"<="&$A42)=0,"",CONSTANTS!$D$79+SUMIFS(CALC!$O$57:$O$149,CALC!$A$57:$A$149,6,CALC!$C$57:$C$149,"<="&$A42)+SUMIFS(CALC!$N$57:$N$149,CALC!$A$57:$A$149,6,CALC!$C$57:$C$149,"<="&$A42)) -> 2,618 | H42: =IF(COUNTIFS(CALC!$A$57:$A$149,7,CALC!$C$57:$C$149,"<="&$A42)=0,"",CONSTANTS!$D$80+SUMIFS(CALC!$O$57:$O$149,CALC!$A$57:$A$149,7,CALC!$C$57:$C$149,"<="&$A42)+SUMIFS(CALC!$N$57:$N$149,CALC!$A$57:$A$149,7,CALC!$C$57:$C$149,"<="&$A42)) -> 3,129 | I42: =IF(COUNTIFS(CALC!$A$57:$A$149,8,CALC!$C$57:$C$149,"<="&$A42)=0,"",CONSTANTS!$D$81+SUMIFS(CALC!$O$57:$O$149,CALC!$A$57:$A$149,8,CALC!$C$57:$C$149,"<="&$A42)+SUMIFS(CALC!$N$57:$N$149,CALC!$A$57:$A$149,8,CALC!$C$57:$C$149,"<="&$A42)) -> 3,354 | J42: =IF(COUNTIFS(CALC!$A$57:$A$149,9,CALC!$C$57:$C$149,"<="&$A42)=0,"",CONSTANTS!$D$82+SUMIFS(CALC!$O$57:$O$149,CALC!$A$57:$A$149,9,CALC!$C$57:$C$149,"<="&$A42)+SUMIFS(CALC!$N$57:$N$149,CALC!$A$57:$A$149,9,CALC!$C$57:$C$149,"<="&$A42)) -> 2,384 | K42: =IF(COUNTIFS(CALC!$A$57:$A$149,10,CALC!$C$57:$C$149,"<="&$A42)=0,"",CONSTANTS!$D$83+SUMIFS(CALC!$O$57:$O$149,CALC!$A$57:$A$149,10,CALC!$C$57:$C$149,"<="&$A42)+SUMIFS(CALC!$N$57:$N$149,CALC!$A$57:$A$149,10,CALC!$C$57:$C$149,"<="&$A42)) -> 3,564
A44: 4 · MỐC CHẠM ĐƯỢC Ở WAVE NÀO
A45: Wave đầu tiên mà vàng cộng dồn ≥ mốc. 'không' = không bao giờ đạt trong màn đó.
A46: Mốc | B46: Vàng | C46: Màn 1 | D46: Màn 2 | E46: Màn 3 | F46: Màn 4 | G46: Màn 5 | H46: Màn 6 | I46: Màn 7 | J46: Màn 8 | K46: Màn 9 | L46: Màn 10
A47: Chain tối thiểu | B47: =$C$6 -> 420 | C47: =IF(COUNTIF(B$33:B$42,"<"&$B47)>=COUNT(B$33:B$42),"không",COUNTIF(B$33:B$42,"<"&$B47)+1) -> 1 | D47: =IF(COUNTIF(C$33:C$42,"<"&$B47)>=COUNT(C$33:C$42),"không",COUNTIF(C$33:C$42,"<"&$B47)+1) -> 1 | E47: =IF(COUNTIF(D$33:D$42,"<"&$B47)>=COUNT(D$33:D$42),"không",COUNTIF(D$33:D$42,"<"&$B47)+1) -> 1 | F47: =IF(COUNTIF(E$33:E$42,"<"&$B47)>=COUNT(E$33:E$42),"không",COUNTIF(E$33:E$42,"<"&$B47)+1) -> 1 | G47: =IF(COUNTIF(F$33:F$42,"<"&$B47)>=COUNT(F$33:F$42),"không",COUNTIF(F$33:F$42,"<"&$B47)+1) -> 1 | H47: =IF(COUNTIF(G$33:G$42,"<"&$B47)>=COUNT(G$33:G$42),"không",COUNTIF(G$33:G$42,"<"&$B47)+1) -> 1 | I47: =IF(COUNTIF(H$33:H$42,"<"&$B47)>=COUNT(H$33:H$42),"không",COUNTIF(H$33:H$42,"<"&$B47)+1) -> 1 | J47: =IF(COUNTIF(I$33:I$42,"<"&$B47)>=COUNT(I$33:I$42),"không",COUNTIF(I$33:I$42,"<"&$B47)+1) -> 1 | ... L47: =IF(COUNTIF(K$33:K$42,"<"&$B47)>=COUNT(K$33:K$42),"không",COUNTIF(K$33:K$42,"<"&$B47)+1) -> 1
A48: HỎA T1 (build 200 + tier 280) | B48: {=CONSTANTS!$I$25+INDEX(CONSTANTS!$C$34:$C$42,MATCH(1,CONSTANTS!$B$34:$B$42,0))} -> 480 | C48: =IF(COUNTIF(B$33:B$42,"<"&$B48)>=COUNT(B$33:B$42),"không",COUNTIF(B$33:B$42,"<"&$B48)+1) -> 1 | D48: =IF(COUNTIF(C$33:C$42,"<"&$B48)>=COUNT(C$33:C$42),"không",COUNTIF(C$33:C$42,"<"&$B48)+1) -> 1 | E48: =IF(COUNTIF(D$33:D$42,"<"&$B48)>=COUNT(D$33:D$42),"không",COUNTIF(D$33:D$42,"<"&$B48)+1) -> 1 | F48: =IF(COUNTIF(E$33:E$42,"<"&$B48)>=COUNT(E$33:E$42),"không",COUNTIF(E$33:E$42,"<"&$B48)+1) -> 1 | G48: =IF(COUNTIF(F$33:F$42,"<"&$B48)>=COUNT(F$33:F$42),"không",COUNTIF(F$33:F$42,"<"&$B48)+1) -> 1 | H48: =IF(COUNTIF(G$33:G$42,"<"&$B48)>=COUNT(G$33:G$42),"không",COUNTIF(G$33:G$42,"<"&$B48)+1) -> 1 | I48: =IF(COUNTIF(H$33:H$42,"<"&$B48)>=COUNT(H$33:H$42),"không",COUNTIF(H$33:H$42,"<"&$B48)+1) -> 1 | J48: =IF(COUNTIF(I$33:I$42,"<"&$B48)>=COUNT(I$33:I$42),"không",COUNTIF(I$33:I$42,"<"&$B48)+1) -> 1 | ... L48: =IF(COUNTIF(K$33:K$42,"<"&$B48)>=COUNT(K$33:K$42),"không",COUNTIF(K$33:K$42,"<"&$B48)+1) -> 1
A49: HỎA T1+T2 (200 + 700) | B49: =CONSTANTS!$I$25+SUMIFS(CONSTANTS!$C$34:$C$42,CONSTANTS!$A$34:$A$42,"HỎA") -> 1,460 | C49: =IF(COUNTIF(B$33:B$42,"<"&$B49)>=COUNT(B$33:B$42),"không",COUNTIF(B$33:B$42,"<"&$B49)+1) -> 7 | D49: =IF(COUNTIF(C$33:C$42,"<"&$B49)>=COUNT(C$33:C$42),"không",COUNTIF(C$33:C$42,"<"&$B49)+1) -> 7 | E49: =IF(COUNTIF(D$33:D$42,"<"&$B49)>=COUNT(D$33:D$42),"không",COUNTIF(D$33:D$42,"<"&$B49)+1) -> 7 | F49: =IF(COUNTIF(E$33:E$42,"<"&$B49)>=COUNT(E$33:E$42),"không",COUNTIF(E$33:E$42,"<"&$B49)+1) -> 7 | G49: =IF(COUNTIF(F$33:F$42,"<"&$B49)>=COUNT(F$33:F$42),"không",COUNTIF(F$33:F$42,"<"&$B49)+1) -> 6 | H49: =IF(COUNTIF(G$33:G$42,"<"&$B49)>=COUNT(G$33:G$42),"không",COUNTIF(G$33:G$42,"<"&$B49)+1) -> 6 | I49: =IF(COUNTIF(H$33:H$42,"<"&$B49)>=COUNT(H$33:H$42),"không",COUNTIF(H$33:H$42,"<"&$B49)+1) -> 4 | J49: =IF(COUNTIF(I$33:I$42,"<"&$B49)>=COUNT(I$33:I$42),"không",COUNTIF(I$33:I$42,"<"&$B49)+1) -> 5 | ... L49: =IF(COUNTIF(K$33:K$42,"<"&$B49)>=COUNT(K$33:K$42),"không",COUNTIF(K$33:K$42,"<"&$B49)+1) -> 3
A50: Build đủ 5 trụ | B50: =$C$7 -> 1,120 | C50: =IF(COUNTIF(B$33:B$42,"<"&$B50)>=COUNT(B$33:B$42),"không",COUNTIF(B$33:B$42,"<"&$B50)+1) -> 6 | D50: =IF(COUNTIF(C$33:C$42,"<"&$B50)>=COUNT(C$33:C$42),"không",COUNTIF(C$33:C$42,"<"&$B50)+1) -> 6 | E50: =IF(COUNTIF(D$33:D$42,"<"&$B50)>=COUNT(D$33:D$42),"không",COUNTIF(D$33:D$42,"<"&$B50)+1) -> 6 | F50: =IF(COUNTIF(E$33:E$42,"<"&$B50)>=COUNT(E$33:E$42),"không",COUNTIF(E$33:E$42,"<"&$B50)+1) -> 5 | G50: =IF(COUNTIF(F$33:F$42,"<"&$B50)>=COUNT(F$33:F$42),"không",COUNTIF(F$33:F$42,"<"&$B50)+1) -> 5 | H50: =IF(COUNTIF(G$33:G$42,"<"&$B50)>=COUNT(G$33:G$42),"không",COUNTIF(G$33:G$42,"<"&$B50)+1) -> 4 | I50: =IF(COUNTIF(H$33:H$42,"<"&$B50)>=COUNT(H$33:H$42),"không",COUNTIF(H$33:H$42,"<"&$B50)+1) -> 3 | J50: =IF(COUNTIF(I$33:I$42,"<"&$B50)>=COUNT(I$33:I$42),"không",COUNTIF(I$33:I$42,"<"&$B50)+1) -> 3 | ... L50: =IF(COUNTIF(K$33:K$42,"<"&$B50)>=COUNT(K$33:K$42),"không",COUNTIF(K$33:K$42,"<"&$B50)+1) -> 2
A51: MỐC MUA HẾT | B51: =$C$9 -> 4,620 | C51: =IF(COUNTIF(B$33:B$42,"<"&$B51)>=COUNT(B$33:B$42),"không",COUNTIF(B$33:B$42,"<"&$B51)+1) -> không | D51: =IF(COUNTIF(C$33:C$42,"<"&$B51)>=COUNT(C$33:C$42),"không",COUNTIF(C$33:C$42,"<"&$B51)+1) -> không | E51: =IF(COUNTIF(D$33:D$42,"<"&$B51)>=COUNT(D$33:D$42),"không",COUNTIF(D$33:D$42,"<"&$B51)+1) -> không | F51: =IF(COUNTIF(E$33:E$42,"<"&$B51)>=COUNT(E$33:E$42),"không",COUNTIF(E$33:E$42,"<"&$B51)+1) -> không | G51: =IF(COUNTIF(F$33:F$42,"<"&$B51)>=COUNT(F$33:F$42),"không",COUNTIF(F$33:F$42,"<"&$B51)+1) -> không | H51: =IF(COUNTIF(G$33:G$42,"<"&$B51)>=COUNT(G$33:G$42),"không",COUNTIF(G$33:G$42,"<"&$B51)+1) -> không | I51: =IF(COUNTIF(H$33:H$42,"<"&$B51)>=COUNT(H$33:H$42),"không",COUNTIF(H$33:H$42,"<"&$B51)+1) -> không | J51: =IF(COUNTIF(I$33:I$42,"<"&$B51)>=COUNT(I$33:I$42),"không",COUNTIF(I$33:I$42,"<"&$B51)+1) -> không | ... L51: =IF(COUNTIF(K$33:K$42,"<"&$B51)>=COUNT(K$33:K$42),"không",COUNTIF(K$33:K$42,"<"&$B51)+1) -> không
A53: Đọc bảng: số trong ô là số WAVE. 'không' nghĩa là cả màn không gom nổi mốc đó — với MỐC MUA HẾT thì 'không' ở mọi màn là ĐÚNG Ý (khan hiếm).
